[
    {
        "index": 4495,
        "subsequence": [
            627.0,
            1081.0,
            324.0,
            -94.0,
            -187.0,
            -124.0,
            -107.0,
            -98.0,
            -108.0,
            -90.0,
            -95.0,
            -88.0,
            -76.0,
            -65.0,
            -57.0,
            -45.0,
            -22.0,
            16.0,
            43.0,
            94.0,
            149.0,
            215.0,
            268.0,
            326.0,
            357.0,
            373.0,
            331.0,
            250.0,
            149.0,
            76.0,
            7.0,
            -19.0,
            -60.0,
            -62.0,
            -73.0,
            -68.0,
            -78.0,
            -70.0,
            -74.0,
            -69.0,
            -74.0,
            -66.0,
            -71.0,
            -63.0,
            -69.0,
            -60.0,
            -65.0,
            -61.0,
            -76.0,
            -70.0,
            -71.0,
            -64.0,
            -75.0,
            -70.0,
            -73.0,
            -62.0,
            -55.0,
            -19.0,
            -7.0,
            25.0,
            58.0,
            76.0,
            44.0,
            18.0,
            -43.0,
            -57.0,
            -73.0,
            -71.0,
            -97.0,
            -67.0,
            154.0,
            716.0,
            937.0,
            211.0,
            -144.0,
            -169.0,
            -127.0,
            -91.0,
            -104.0,
            -93.0,
            -94.0,
            -76.0,
            -80.0,
            -60.0,
            -53.0,
            -26.0,
            -26.0,
            8.0,
            20.0,
            66.0,
            104.0,
            176.0,
            233.0,
            295.0,
            329.0,
            364.0,
            360.0,
            322.0,
            241.0,
            157.0,
            72.0,
            21.0,
            -24.0,
            -48.0,
            -71.0,
            -62.0,
            -68.0,
            -70.0,
            -72.0,
            -60.0,
            -74.0,
            -64.0,
            -66.0,
            -55.0,
            -62.0,
            -53.0,
            -60.0,
            -51.0,
            -58.0,
            -57.0,
            -67.0,
            -66.0,
            -72.0,
            -71.0,
            -74.0,
            -68.0,
            -76.0,
            -60.0,
            -59.0,
            -25.0,
            -10.0,
            21.0,
            53.0,
            59.0,
            54.0,
            23.0,
            -28.0,
            -53.0,
            -70.0,
            -69.0,
            -78.0,
            -75.0,
            108.0,
            579.0,
            1035.0,
            320.0,
            -106.0,
            -169.0,
            -129.0,
            -94.0
        ]
    },
    {
        "index": 475,
        "subsequence": [
            144.0,
            76.0,
            27.0,
            -3.0,
            -22.0,
            -28.0,
            -29.0,
            -31.0,
            -30.0,
            -26.0,
            -27.0,
            -24.0,
            -24.0,
            -19.0,
            -17.0,
            -12.0,
            -19.0,
            -19.0,
            -24.0,
            -28.0,
            -30.0,
            -22.0,
            -27.0,
            -21.0,
            -23.0,
            -19.0,
            -14.0,
            -26.0,
            -21.0,
            -13.0,
            -12.0,
            -2.0,
            38.0,
            57.0,
            81.0,
            118.0,
            114.0,
            88.0,
            47.0,
            7.0,
            -18.0,
            -17.0,
            -16.0,
            -34.0,
            51.0,
            316.0,
            937.0,
            740.0,
            108.0,
            -117.0,
            -104.0,
            -61.0,
            -47.0,
            -43.0,
            -45.0,
            -36.0,
            -26.0,
            -20.0,
            -16.0,
            -4.0,
            11.0,
            32.0,
            52.0,
            89.0,
            129.0,
            186.0,
            244.0,
            307.0,
            365.0,
            412.0,
            433.0,
            420.0,
            355.0,
            292.0,
            204.0,
            128.0,
            79.0,
            44.0,
            10.0,
            3.0,
            2.0,
            3.0,
            1.0,
            3.0,
            7.0,
            13.0,
            1.0,
            10.0,
            9.0,
            17.0,
            10.0,
            12.0,
            1.0,
            9.0,
            -2.0,
            -9.0,
            -10.0,
            2.0,
            -8.0,
            -6.0,
            -4.0,
            -10.0,
            -11.0,
            8.0,
            14.0,
            53.0,
            66.0,
            104.0,
            119.0,
            144.0,
            97.0,
            66.0,
            16.0,
            1.0,
            1.0,
            4.0,
            -29.0,
            96.0,
            412.0,
            1066.0,
            623.0,
            82.0,
            -101.0,
            -76.0,
            -39.0,
            -10.0,
            -11.0,
            -5.0,
            -6.0,
            -1.0,
            6.0,
            23.0,
            30.0,
            43.0,
            57.0,
            92.0,
            123.0,
            168.0,
            221.0,
            288.0,
            348.0,
            404.0,
            437.0,
            465.0,
            447.0,
            390.0,
            301.0,
            219.0,
            140.0,
            93.0
        ]
    },
    {
        "index": 467,
        "subsequence": [
            234.0,
            297.0,
            345.0,
            389.0,
            406.0,
            382.0,
            314.0,
            228.0,
            144.0,
            76.0,
            27.0,
            -3.0,
            -22.0,
            -28.0,
            -29.0,
            -31.0,
            -30.0,
            -26.0,
            -27.0,
            -24.0,
            -24.0,
            -19.0,
            -17.0,
            -12.0,
            -19.0,
            -19.0,
            -24.0,
            -28.0,
            -30.0,
            -22.0,
            -27.0,
            -21.0,
            -23.0,
            -19.0,
            -14.0,
            -26.0,
            -21.0,
            -13.0,
            -12.0,
            -2.0,
            38.0,
            57.0,
            81.0,
            118.0,
            114.0,
            88.0,
            47.0,
            7.0,
            -18.0,
            -17.0,
            -16.0,
            -34.0,
            51.0,
            316.0,
            937.0,
            740.0,
            108.0,
            -117.0,
            -104.0,
            -61.0,
            -47.0,
            -43.0,
            -45.0,
            -36.0,
            -26.0,
            -20.0,
            -16.0,
            -4.0,
            11.0,
            32.0,
            52.0,
            89.0,
            129.0,
            186.0,
            244.0,
            307.0,
            365.0,
            412.0,
            433.0,
            420.0,
            355.0,
            292.0,
            204.0,
            128.0,
            79.0,
            44.0,
            10.0,
            3.0,
            2.0,
            3.0,
            1.0,
            3.0,
            7.0,
            13.0,
            1.0,
            10.0,
            9.0,
            17.0,
            10.0,
            12.0,
            1.0,
            9.0,
            -2.0,
            -9.0,
            -10.0,
            2.0,
            -8.0,
            -6.0,
            -4.0,
            -10.0,
            -11.0,
            8.0,
            14.0,
            53.0,
            66.0,
            104.0,
            119.0,
            144.0,
            97.0,
            66.0,
            16.0,
            1.0,
            1.0,
            4.0,
            -29.0,
            96.0,
            412.0,
            1066.0,
            623.0,
            82.0,
            -101.0,
            -76.0,
            -39.0,
            -10.0,
            -11.0,
            -5.0,
            -6.0,
            -1.0,
            6.0,
            23.0,
            30.0,
            43.0,
            57.0,
            92.0,
            123.0,
            168.0,
            221.0,
            288.0,
            348.0,
            404.0
        ]
    },
    {
        "index": 9447,
        "subsequence": [
            -11.0,
            -26.0,
            -8.0,
            -22.0,
            -16.0,
            -33.0,
            -16.0,
            -26.0,
            -18.0,
            -30.0,
            -8.0,
            -28.0,
            -13.0,
            -13.0,
            16.0,
            52.0,
            62.0,
            41.0,
            57.0,
            24.0,
            2.0,
            -9.0,
            7.0,
            -17.0,
            -5.0,
            -10.0,
            8.0,
            -70.0,
            212.0,
            896.0,
            1608.0,
            1110.0,
            264.0,
            73.0,
            44.0,
            10.0,
            28.0,
            20.0,
            38.0,
            22.0,
            36.0,
            22.0,
            34.0,
            30.0,
            48.0,
            47.0,
            80.0,
            72.0,
            124.0,
            145.0,
            196.0,
            222.0,
            261.0,
            254.0,
            248.0,
            195.0,
            151.0,
            86.0,
            65.0,
            26.0,
            13.0,
            -21.0,
            -10.0,
            -26.0,
            -11.0,
            -28.0,
            -17.0,
            -26.0,
            -18.0,
            -27.0,
            -21.0,
            -37.0,
            -24.0,
            -33.0,
            -27.0,
            -45.0,
            -35.0,
            -39.0,
            -28.0,
            -45.0,
            -25.0,
            -39.0,
            -27.0,
            -38.0,
            -32.0,
            -45.0,
            -10.0,
            7.0,
            54.0,
            26.0,
            29.0,
            15.0,
            -14.0,
            -40.0,
            -25.0,
            -52.0,
            -35.0,
            -46.0,
            -26.0,
            -47.0,
            -6.0,
            390.0,
            1312.0,
            1497.0,
            562.0,
            89.0,
            16.0,
            -21.0,
            -13.0,
            -23.0,
            -16.0,
            -18.0,
            -3.0,
            -21.0,
            -2.0,
            -11.0,
            8.0,
            6.0,
            24.0,
            30.0,
            71.0,
            94.0,
            156.0,
            178.0,
            225.0,
            235.0,
            243.0,
            206.0,
            161.0,
            99.0,
            61.0,
            9.0,
            -8.0,
            -41.0,
            -32.0,
            -47.0,
            -41.0,
            -64.0,
            -40.0,
            -53.0,
            -41.0,
            -44.0,
            -42.0,
            -50.0,
            -42.0,
            -59.0,
            -40.0,
            -51.0,
            -54.0,
            -56.0
        ]
    },
    {
        "index": 461,
        "subsequence": [
            5.0,
            22.0,
            44.0,
            75.0,
            114.0,
            170.0,
            234.0,
            297.0,
            345.0,
            389.0,
            406.0,
            382.0,
            314.0,
            228.0,
            144.0,
            76.0,
            27.0,
            -3.0,
            -22.0,
            -28.0,
            -29.0,
            -31.0,
            -30.0,
            -26.0,
            -27.0,
            -24.0,
            -24.0,
            -19.0,
            -17.0,
            -12.0,
            -19.0,
            -19.0,
            -24.0,
            -28.0,
            -30.0,
            -22.0,
            -27.0,
            -21.0,
            -23.0,
            -19.0,
            -14.0,
            -26.0,
            -21.0,
            -13.0,
            -12.0,
            -2.0,
            38.0,
            57.0,
            81.0,
            118.0,
            114.0,
            88.0,
            47.0,
            7.0,
            -18.0,
            -17.0,
            -16.0,
            -34.0,
            51.0,
            316.0,
            937.0,
            740.0,
            108.0,
            -117.0,
            -104.0,
            -61.0,
            -47.0,
            -43.0,
            -45.0,
            -36.0,
            -26.0,
            -20.0,
            -16.0,
            -4.0,
            11.0,
            32.0,
            52.0,
            89.0,
            129.0,
            186.0,
            244.0,
            307.0,
            365.0,
            412.0,
            433.0,
            420.0,
            355.0,
            292.0,
            204.0,
            128.0,
            79.0,
            44.0,
            10.0,
            3.0,
            2.0,
            3.0,
            1.0,
            3.0,
            7.0,
            13.0,
            1.0,
            10.0,
            9.0,
            17.0,
            10.0,
            12.0,
            1.0,
            9.0,
            -2.0,
            -9.0,
            -10.0,
            2.0,
            -8.0,
            -6.0,
            -4.0,
            -10.0,
            -11.0,
            8.0,
            14.0,
            53.0,
            66.0,
            104.0,
            119.0,
            144.0,
            97.0,
            66.0,
            16.0,
            1.0,
            1.0,
            4.0,
            -29.0,
            96.0,
            412.0,
            1066.0,
            623.0,
            82.0,
            -101.0,
            -76.0,
            -39.0,
            -10.0,
            -11.0,
            -5.0,
            -6.0,
            -1.0,
            6.0,
            23.0,
            30.0,
            43.0,
            57.0,
            92.0
        ]
    }
]