[
    {
        "index": 2057,
        "subsequence": [
            106.0,
            -12.0,
            43.0,
            83.0,
            92.0,
            94.0,
            95.0,
            99.0,
            109.0,
            118.0,
            126.0,
            136.0,
            156.0,
            172.0,
            195.0,
            237.0,
            283.0,
            336.0,
            398.0,
            459.0,
            510.0,
            552.0,
            563.0,
            537.0,
            455.0,
            376.0,
            302.0,
            236.0,
            183.0,
            144.0,
            146.0,
            137.0,
            135.0,
            137.0,
            139.0,
            137.0,
            137.0,
            134.0,
            141.0,
            148.0,
            149.0,
            143.0,
            144.0,
            139.0,
            133.0,
            133.0,
            137.0,
            129.0,
            130.0,
            126.0,
            127.0,
            129.0,
            132.0,
            122.0,
            120.0,
            123.0,
            132.0,
            139.0,
            182.0,
            194.0,
            218.0,
            255.0,
            257.0,
            232.0,
            198.0,
            153.0,
            136.0,
            124.0,
            119.0,
            92.0,
            175.0,
            440.0,
            1054.0,
            905.0,
            270.0,
            29.0,
            33.0,
            77.0,
            94.0,
            93.0,
            102.0,
            104.0,
            113.0,
            121.0,
            126.0,
            144.0,
            165.0,
            182.0,
            202.0,
            235.0,
            285.0,
            323.0,
            387.0,
            451.0,
            521.0,
            555.0,
            590.0,
            579.0,
            530.0,
            443.0,
            363.0,
            287.0,
            231.0,
            193.0,
            170.0,
            160.0,
            156.0,
            151.0,
            149.0,
            150.0,
            153.0,
            152.0,
            153.0,
            152.0,
            157.0,
            155.0,
            154.0,
            144.0,
            158.0,
            141.0,
            149.0,
            146.0,
            142.0,
            138.0,
            137.0,
            137.0,
            140.0,
            135.0,
            146.0,
            130.0,
            129.0,
            125.0,
            131.0,
            138.0,
            174.0,
            186.0,
            212.0,
            249.0,
            243.0,
            220.0,
            191.0,
            149.0,
            126.0,
            116.0,
            108.0,
            89.0,
            148.0,
            385.0,
            967.0,
            972.0
        ]
    },
    {
        "index": 2286,
        "subsequence": [
            14.0,
            66.0,
            85.0,
            100.0,
            94.0,
            109.0,
            112.0,
            120.0,
            123.0,
            138.0,
            144.0,
            165.0,
            184.0,
            217.0,
            247.0,
            298.0,
            348.0,
            415.0,
            473.0,
            519.0,
            552.0,
            587.0,
            556.0,
            492.0,
            403.0,
            330.0,
            259.0,
            219.0,
            185.0,
            173.0,
            160.0,
            164.0,
            161.0,
            166.0,
            164.0,
            171.0,
            164.0,
            174.0,
            174.0,
            181.0,
            177.0,
            183.0,
            179.0,
            174.0,
            170.0,
            173.0,
            163.0,
            177.0,
            175.0,
            175.0,
            170.0,
            172.0,
            172.0,
            170.0,
            176.0,
            178.0,
            183.0,
            185.0,
            180.0,
            198.0,
            223.0,
            247.0,
            249.0,
            303.0,
            285.0,
            297.0,
            256.0,
            213.0,
            181.0,
            169.0,
            165.0,
            156.0,
            181.0,
            408.0,
            946.0,
            1099.0,
            412.0,
            102.0,
            65.0,
            124.0,
            137.0,
            149.0,
            143.0,
            157.0,
            155.0,
            166.0,
            172.0,
            187.0,
            199.0,
            218.0,
            231.0,
            284.0,
            305.0,
            349.0,
            400.0,
            475.0,
            527.0,
            584.0,
            608.0,
            636.0,
            586.0,
            517.0,
            425.0,
            353.0,
            276.0,
            245.0,
            211.0,
            192.0,
            180.0,
            189.0,
            178.0,
            189.0,
            186.0,
            190.0,
            186.0,
            192.0,
            185.0,
            196.0,
            184.0,
            186.0,
            175.0,
            177.0,
            177.0,
            178.0,
            168.0,
            172.0,
            163.0,
            173.0,
            168.0,
            164.0,
            166.0,
            168.0,
            151.0,
            160.0,
            164.0,
            169.0,
            205.0,
            229.0,
            245.0,
            280.0,
            272.0,
            262.0,
            223.0,
            180.0,
            150.0,
            142.0,
            131.0,
            118.0,
            175.0,
            466.0
        ]
    },
    {
        "index": 1449,
        "subsequence": [
            -488.0,
            -471.0,
            -444.0,
            -411.0,
            -389.0,
            -325.0,
            -336.0,
            -345.0,
            -381.0,
            -413.0,
            -441.0,
            -442.0,
            -443.0,
            -446.0,
            -448.0,
            -213.0,
            302.0,
            593.0,
            -130.0,
            -482.0,
            -551.0,
            -479.0,
            -448.0,
            -431.0,
            -430.0,
            -413.0,
            -408.0,
            -391.0,
            -375.0,
            -353.0,
            -342.0,
            -319.0,
            -292.0,
            -261.0,
            -232.0,
            -168.0,
            -112.0,
            -40.0,
            19.0,
            80.0,
            106.0,
            115.0,
            72.0,
            13.0,
            -81.0,
            -150.0,
            -210.0,
            -234.0,
            -266.0,
            -278.0,
            -286.0,
            -284.0,
            -288.0,
            -283.0,
            -286.0,
            -268.0,
            -274.0,
            -256.0,
            -265.0,
            -253.0,
            -262.0,
            -253.0,
            -249.0,
            -246.0,
            -256.0,
            -251.0,
            -248.0,
            -248.0,
            -249.0,
            -244.0,
            -248.0,
            -242.0,
            -245.0,
            -237.0,
            -236.0,
            -217.0,
            -182.0,
            -163.0,
            -136.0,
            -119.0,
            -114.0,
            -137.0,
            -180.0,
            -218.0,
            -246.0,
            -242.0,
            -253.0,
            -275.0,
            -162.0,
            172.0,
            830.0,
            386.0,
            -188.0,
            -356.0,
            -319.0,
            -276.0,
            -270.0,
            -263.0,
            -258.0,
            -245.0,
            -253.0,
            -230.0,
            -227.0,
            -205.0,
            -195.0,
            -169.0,
            -147.0,
            -108.0,
            -79.0,
            -20.0,
            55.0,
            123.0,
            175.0,
            224.0,
            246.0,
            233.0,
            162.0,
            89.0,
            -14.0,
            -71.0,
            -124.0,
            -148.0,
            -168.0,
            -167.0,
            -179.0,
            -170.0,
            -176.0,
            -165.0,
            -172.0,
            -161.0,
            -167.0,
            -155.0,
            -160.0,
            -151.0,
            -155.0,
            -149.0,
            -153.0,
            -152.0,
            -158.0,
            -152.0,
            -157.0,
            -152.0,
            -159.0,
            -152.0,
            -157.0,
            -147.0,
            -151.0,
            -142.0,
            -142.0,
            -125.0
        ]
    },
    {
        "index": 1044,
        "subsequence": [
            54.0,
            89.0,
            151.0,
            210.0,
            279.0,
            314.0,
            354.0,
            359.0,
            335.0,
            256.0,
            177.0,
            84.0,
            23.0,
            -34.0,
            -62.0,
            -87.0,
            -93.0,
            -104.0,
            -99.0,
            -114.0,
            -108.0,
            -116.0,
            -117.0,
            -125.0,
            -118.0,
            -134.0,
            -123.0,
            -134.0,
            -133.0,
            -147.0,
            -150.0,
            -172.0,
            -158.0,
            -173.0,
            -172.0,
            -187.0,
            -181.0,
            -194.0,
            -197.0,
            -202.0,
            -202.0,
            -210.0,
            -175.0,
            -170.0,
            -149.0,
            -125.0,
            -126.0,
            -152.0,
            -183.0,
            -247.0,
            -265.0,
            -285.0,
            -300.0,
            -331.0,
            -254.0,
            -10.0,
            601.0,
            436.0,
            -207.0,
            -450.0,
            -448.0,
            -418.0,
            -401.0,
            -415.0,
            -411.0,
            -419.0,
            -418.0,
            -429.0,
            -418.0,
            -421.0,
            -408.0,
            -404.0,
            -370.0,
            -354.0,
            -317.0,
            -275.0,
            -209.0,
            -159.0,
            -104.0,
            -66.0,
            -36.0,
            -61.0,
            -134.0,
            -240.0,
            -309.0,
            -398.0,
            -451.0,
            -501.0,
            -510.0,
            -538.0,
            -538.0,
            -559.0,
            -550.0,
            -559.0,
            -556.0,
            -574.0,
            -560.0,
            -569.0,
            -571.0,
            -590.0,
            -575.0,
            -585.0,
            -585.0,
            -609.0,
            -612.0,
            -627.0,
            -622.0,
            -628.0,
            -638.0,
            -652.0,
            -649.0,
            -666.0,
            -661.0,
            -657.0,
            -626.0,
            -621.0,
            -589.0,
            -567.0,
            -577.0,
            -605.0,
            -620.0,
            -685.0,
            -708.0,
            -723.0,
            -720.0,
            -753.0,
            -741.0,
            -519.0,
            59.0,
            213.0,
            -497.0,
            -825.0,
            -860.0,
            -824.0,
            -795.0,
            -792.0,
            -787.0,
            -805.0,
            -792.0,
            -795.0,
            -781.0,
            -776.0,
            -758.0,
            -752.0,
            -724.0,
            -710.0,
            -670.0,
            -625.0,
            -570.0,
            -499.0
        ]
    },
    {
        "index": 1073,
        "subsequence": [
            -147.0,
            -150.0,
            -172.0,
            -158.0,
            -173.0,
            -172.0,
            -187.0,
            -181.0,
            -194.0,
            -197.0,
            -202.0,
            -202.0,
            -210.0,
            -175.0,
            -170.0,
            -149.0,
            -125.0,
            -126.0,
            -152.0,
            -183.0,
            -247.0,
            -265.0,
            -285.0,
            -300.0,
            -331.0,
            -254.0,
            -10.0,
            601.0,
            436.0,
            -207.0,
            -450.0,
            -448.0,
            -418.0,
            -401.0,
            -415.0,
            -411.0,
            -419.0,
            -418.0,
            -429.0,
            -418.0,
            -421.0,
            -408.0,
            -404.0,
            -370.0,
            -354.0,
            -317.0,
            -275.0,
            -209.0,
            -159.0,
            -104.0,
            -66.0,
            -36.0,
            -61.0,
            -134.0,
            -240.0,
            -309.0,
            -398.0,
            -451.0,
            -501.0,
            -510.0,
            -538.0,
            -538.0,
            -559.0,
            -550.0,
            -559.0,
            -556.0,
            -574.0,
            -560.0,
            -569.0,
            -571.0,
            -590.0,
            -575.0,
            -585.0,
            -585.0,
            -609.0,
            -612.0,
            -627.0,
            -622.0,
            -628.0,
            -638.0,
            -652.0,
            -649.0,
            -666.0,
            -661.0,
            -657.0,
            -626.0,
            -621.0,
            -589.0,
            -567.0,
            -577.0,
            -605.0,
            -620.0,
            -685.0,
            -708.0,
            -723.0,
            -720.0,
            -753.0,
            -741.0,
            -519.0,
            59.0,
            213.0,
            -497.0,
            -825.0,
            -860.0,
            -824.0,
            -795.0,
            -792.0,
            -787.0,
            -805.0,
            -792.0,
            -795.0,
            -781.0,
            -776.0,
            -758.0,
            -752.0,
            -724.0,
            -710.0,
            -670.0,
            -625.0,
            -570.0,
            -499.0,
            -439.0,
            -404.0,
            -363.0,
            -391.0,
            -434.0,
            -524.0,
            -613.0,
            -703.0,
            -756.0,
            -805.0,
            -824.0,
            -835.0,
            -841.0,
            -857.0,
            -844.0,
            -862.0,
            -863.0,
            -873.0,
            -874.0,
            -873.0,
            -869.0,
            -882.0,
            -882.0,
            -893.0,
            -894.0,
            -904.0,
            -902.0,
            -917.0,
            -917.0
        ]
    }
]