[
    {
        "index": 4991,
        "subsequence": [
            170.0,
            -89.0,
            -126.0,
            -132.0,
            -141.0,
            -146.0,
            -136.0,
            -141.0,
            -132.0,
            -142.0,
            -121.0,
            -126.0,
            -120.0,
            -118.0,
            -102.0,
            -92.0,
            -42.0,
            -17.0,
            36.0,
            71.0,
            102.0,
            110.0,
            116.0,
            69.0,
            26.0,
            -36.0,
            -71.0,
            -114.0,
            -123.0,
            -149.0,
            -139.0,
            -142.0,
            -137.0,
            -145.0,
            -137.0,
            -137.0,
            -127.0,
            -134.0,
            -124.0,
            -120.0,
            -127.0,
            -138.0,
            -125.0,
            -129.0,
            -120.0,
            -128.0,
            -129.0,
            -124.0,
            -114.0,
            -125.0,
            -109.0,
            -113.0,
            -107.0,
            -94.0,
            -31.0,
            -24.0,
            -19.0,
            -41.0,
            -34.0,
            -77.0,
            -79.0,
            -82.0,
            -85.0,
            -95.0,
            -87.0,
            -83.0,
            -112.0,
            24.0,
            581.0,
            1445.0,
            1291.0,
            299.0,
            27.0,
            -36.0,
            -39.0,
            -61.0,
            -45.0,
            -46.0,
            -37.0,
            -42.0,
            -32.0,
            -40.0,
            -42.0,
            -34.0,
            -29.0,
            -11.0,
            5.0,
            22.0,
            67.0,
            105.0,
            151.0,
            158.0,
            180.0,
            172.0,
            138.0,
            77.0,
            34.0,
            -21.0,
            -51.0,
            -79.0,
            -86.0,
            -100.0,
            -99.0,
            -104.0,
            -100.0,
            -105.0,
            -88.0,
            -100.0,
            -89.0,
            -99.0,
            -87.0,
            -101.0,
            -87.0,
            -102.0,
            -96.0,
            -102.0,
            -97.0,
            -118.0,
            -99.0,
            -108.0,
            -107.0,
            -117.0,
            -111.0,
            -109.0,
            -99.0,
            -84.0,
            -17.0,
            -43.0,
            -53.0,
            -62.0,
            -75.0,
            -118.0,
            -113.0,
            -118.0,
            -125.0,
            -124.0,
            -121.0,
            -129.0,
            -169.0,
            143.0,
            933.0,
            1463.0,
            838.0,
            87.0,
            -60.0,
            -96.0,
            -98.0,
            -109.0,
            -101.0,
            -102.0
        ]
    },
    {
        "index": 5025,
        "subsequence": [
            -137.0,
            -137.0,
            -127.0,
            -134.0,
            -124.0,
            -120.0,
            -127.0,
            -138.0,
            -125.0,
            -129.0,
            -120.0,
            -128.0,
            -129.0,
            -124.0,
            -114.0,
            -125.0,
            -109.0,
            -113.0,
            -107.0,
            -94.0,
            -31.0,
            -24.0,
            -19.0,
            -41.0,
            -34.0,
            -77.0,
            -79.0,
            -82.0,
            -85.0,
            -95.0,
            -87.0,
            -83.0,
            -112.0,
            24.0,
            581.0,
            1445.0,
            1291.0,
            299.0,
            27.0,
            -36.0,
            -39.0,
            -61.0,
            -45.0,
            -46.0,
            -37.0,
            -42.0,
            -32.0,
            -40.0,
            -42.0,
            -34.0,
            -29.0,
            -11.0,
            5.0,
            22.0,
            67.0,
            105.0,
            151.0,
            158.0,
            180.0,
            172.0,
            138.0,
            77.0,
            34.0,
            -21.0,
            -51.0,
            -79.0,
            -86.0,
            -100.0,
            -99.0,
            -104.0,
            -100.0,
            -105.0,
            -88.0,
            -100.0,
            -89.0,
            -99.0,
            -87.0,
            -101.0,
            -87.0,
            -102.0,
            -96.0,
            -102.0,
            -97.0,
            -118.0,
            -99.0,
            -108.0,
            -107.0,
            -117.0,
            -111.0,
            -109.0,
            -99.0,
            -84.0,
            -17.0,
            -43.0,
            -53.0,
            -62.0,
            -75.0,
            -118.0,
            -113.0,
            -118.0,
            -125.0,
            -124.0,
            -121.0,
            -129.0,
            -169.0,
            143.0,
            933.0,
            1463.0,
            838.0,
            87.0,
            -60.0,
            -96.0,
            -98.0,
            -109.0,
            -101.0,
            -102.0,
            -90.0,
            -92.0,
            -79.0,
            -79.0,
            -74.0,
            -72.0,
            -61.0,
            -52.0,
            -16.0,
            10.0,
            56.0,
            94.0,
            128.0,
            147.0,
            161.0,
            139.0,
            107.0,
            50.0,
            -12.0,
            -51.0,
            -73.0,
            -102.0,
            -107.0,
            -122.0,
            -114.0,
            -117.0,
            -120.0,
            -116.0,
            -112.0,
            -120.0,
            -118.0,
            -114.0,
            -107.0,
            -120.0
        ]
    },
    {
        "index": 1249,
        "subsequence": [
            -174.0,
            -210.0,
            122.0,
            966.0,
            1428.0,
            680.0,
            12.0,
            -112.0,
            -149.0,
            -153.0,
            -171.0,
            -153.0,
            -161.0,
            -153.0,
            -161.0,
            -150.0,
            -158.0,
            -140.0,
            -143.0,
            -137.0,
            -128.0,
            -104.0,
            -82.0,
            -37.0,
            -6.0,
            37.0,
            46.0,
            57.0,
            27.0,
            -18.0,
            -77.0,
            -122.0,
            -167.0,
            -190.0,
            -213.0,
            -212.0,
            -227.0,
            -225.0,
            -229.0,
            -222.0,
            -235.0,
            -217.0,
            -232.0,
            -222.0,
            -226.0,
            -227.0,
            -230.0,
            -225.0,
            -239.0,
            -229.0,
            -234.0,
            -228.0,
            -237.0,
            -226.0,
            -233.0,
            -221.0,
            -222.0,
            -226.0,
            -224.0,
            -193.0,
            -165.0,
            -134.0,
            -152.0,
            -152.0,
            -173.0,
            -200.0,
            -209.0,
            -211.0,
            -217.0,
            -208.0,
            -234.0,
            -207.0,
            -266.0,
            -26.0,
            595.0,
            1366.0,
            1037.0,
            102.0,
            -122.0,
            -146.0,
            -182.0,
            -166.0,
            -177.0,
            -161.0,
            -165.0,
            -153.0,
            -161.0,
            -150.0,
            -151.0,
            -140.0,
            -137.0,
            -120.0,
            -101.0,
            -66.0,
            -37.0,
            19.0,
            46.0,
            75.0,
            78.0,
            72.0,
            19.0,
            -29.0,
            -81.0,
            -116.0,
            -156.0,
            -167.0,
            -189.0,
            -186.0,
            -196.0,
            -184.0,
            -192.0,
            -183.0,
            -189.0,
            -189.0,
            -185.0,
            -170.0,
            -185.0,
            -175.0,
            -183.0,
            -177.0,
            -185.0,
            -176.0,
            -175.0,
            -174.0,
            -177.0,
            -173.0,
            -181.0,
            -171.0,
            -180.0,
            -175.0,
            -164.0,
            -114.0,
            -118.0,
            -104.0,
            -117.0,
            -127.0,
            -173.0,
            -153.0,
            -170.0,
            -171.0,
            -181.0,
            -169.0,
            -178.0,
            -192.0,
            -83.0,
            394.0,
            1267.0,
            1260.0,
            261.0,
            -56.0
        ]
    },
    {
        "index": 4988,
        "subsequence": [
            512.0,
            1337.0,
            1117.0,
            170.0,
            -89.0,
            -126.0,
            -132.0,
            -141.0,
            -146.0,
            -136.0,
            -141.0,
            -132.0,
            -142.0,
            -121.0,
            -126.0,
            -120.0,
            -118.0,
            -102.0,
            -92.0,
            -42.0,
            -17.0,
            36.0,
            71.0,
            102.0,
            110.0,
            116.0,
            69.0,
            26.0,
            -36.0,
            -71.0,
            -114.0,
            -123.0,
            -149.0,
            -139.0,
            -142.0,
            -137.0,
            -145.0,
            -137.0,
            -137.0,
            -127.0,
            -134.0,
            -124.0,
            -120.0,
            -127.0,
            -138.0,
            -125.0,
            -129.0,
            -120.0,
            -128.0,
            -129.0,
            -124.0,
            -114.0,
            -125.0,
            -109.0,
            -113.0,
            -107.0,
            -94.0,
            -31.0,
            -24.0,
            -19.0,
            -41.0,
            -34.0,
            -77.0,
            -79.0,
            -82.0,
            -85.0,
            -95.0,
            -87.0,
            -83.0,
            -112.0,
            24.0,
            581.0,
            1445.0,
            1291.0,
            299.0,
            27.0,
            -36.0,
            -39.0,
            -61.0,
            -45.0,
            -46.0,
            -37.0,
            -42.0,
            -32.0,
            -40.0,
            -42.0,
            -34.0,
            -29.0,
            -11.0,
            5.0,
            22.0,
            67.0,
            105.0,
            151.0,
            158.0,
            180.0,
            172.0,
            138.0,
            77.0,
            34.0,
            -21.0,
            -51.0,
            -79.0,
            -86.0,
            -100.0,
            -99.0,
            -104.0,
            -100.0,
            -105.0,
            -88.0,
            -100.0,
            -89.0,
            -99.0,
            -87.0,
            -101.0,
            -87.0,
            -102.0,
            -96.0,
            -102.0,
            -97.0,
            -118.0,
            -99.0,
            -108.0,
            -107.0,
            -117.0,
            -111.0,
            -109.0,
            -99.0,
            -84.0,
            -17.0,
            -43.0,
            -53.0,
            -62.0,
            -75.0,
            -118.0,
            -113.0,
            -118.0,
            -125.0,
            -124.0,
            -121.0,
            -129.0,
            -169.0,
            143.0,
            933.0,
            1463.0,
            838.0,
            87.0,
            -60.0,
            -96.0,
            -98.0
        ]
    },
    {
        "index": 5613,
        "subsequence": [
            -185.0,
            -192.0,
            -169.0,
            -152.0,
            -84.0,
            -109.0,
            -105.0,
            -125.0,
            -132.0,
            -178.0,
            -159.0,
            -178.0,
            -175.0,
            -189.0,
            -159.0,
            -173.0,
            -201.0,
            133.0,
            985.0,
            1407.0,
            640.0,
            11.0,
            -100.0,
            -130.0,
            -125.0,
            -134.0,
            -106.0,
            -120.0,
            -107.0,
            -120.0,
            -101.0,
            -105.0,
            -101.0,
            -97.0,
            -76.0,
            -75.0,
            -36.0,
            -18.0,
            37.0,
            65.0,
            109.0,
            112.0,
            128.0,
            104.0,
            68.0,
            -6.0,
            -34.0,
            -84.0,
            -108.0,
            -134.0,
            -128.0,
            -152.0,
            -139.0,
            -151.0,
            -136.0,
            -159.0,
            -134.0,
            -154.0,
            -143.0,
            -157.0,
            -143.0,
            -161.0,
            -157.0,
            -181.0,
            -153.0,
            -176.0,
            -166.0,
            -181.0,
            -172.0,
            -191.0,
            -179.0,
            -198.0,
            -175.0,
            -195.0,
            -163.0,
            -132.0,
            -86.0,
            -121.0,
            -117.0,
            -137.0,
            -165.0,
            -184.0,
            -170.0,
            -198.0,
            -194.0,
            -196.0,
            -178.0,
            -215.0,
            -116.0,
            341.0,
            1253.0,
            1261.0,
            298.0,
            -69.0,
            -121.0,
            -147.0,
            -135.0,
            -157.0,
            -132.0,
            -143.0,
            -122.0,
            -132.0,
            -111.0,
            -124.0,
            -104.0,
            -110.0,
            -84.0,
            -78.0,
            -37.0,
            -17.0,
            48.0,
            68.0,
            116.0,
            115.0,
            128.0,
            85.0,
            45.0,
            -25.0,
            -63.0,
            -107.0,
            -115.0,
            -153.0,
            -140.0,
            -151.0,
            -135.0,
            -148.0,
            -132.0,
            -155.0,
            -139.0,
            -153.0,
            -140.0,
            -153.0,
            -141.0,
            -155.0,
            -148.0,
            -166.0,
            -152.0,
            -162.0,
            -143.0,
            -164.0,
            -154.0,
            -168.0,
            -147.0,
            -163.0,
            -149.0,
            -176.0,
            -154.0,
            -133.0,
            -69.0,
            -82.0
        ]
    }
]