[
    {
        "index": 88,
        "subsequence": [
            -31.0,
            -27.0,
            -29.0,
            -29.0,
            -25.0,
            -23.0,
            -21.0,
            -21.0,
            -17.0,
            -11.0,
            -11.0,
            -7.0,
            3.0,
            9.0,
            19.0,
            23.0,
            37.0,
            43.0,
            43.0,
            51.0,
            53.0,
            45.0,
            39.0,
            23.0,
            15.0,
            1.0,
            -11.0,
            -17.0,
            -19.0,
            -19.0,
            -23.0,
            -23.0,
            -25.0,
            -23.0,
            -25.0,
            -25.0,
            -25.0,
            -15.0,
            -19.0,
            -23.0,
            -23.0,
            -11.0,
            -9.0,
            -5.0,
            -1.0,
            3.0,
            21.0,
            23.0,
            27.0,
            15.0,
            5.0,
            -5.0,
            -17.0,
            -27.0,
            -35.0,
            -41.0,
            -41.0,
            -41.0,
            -47.0,
            -99.0,
            -133.0,
            -71.0,
            85.0,
            187.0,
            101.0,
            -15.0,
            -79.0,
            -77.0,
            -69.0,
            -49.0,
            -47.0,
            -43.0,
            -51.0,
            -45.0,
            -35.0,
            -35.0,
            -33.0,
            -33.0,
            -27.0,
            -27.0,
            -25.0,
            -23.0,
            -21.0,
            -13.0,
            -9.0,
            -1.0,
            7.0,
            13.0,
            25.0,
            33.0,
            35.0,
            45.0,
            51.0,
            47.0,
            37.0,
            27.0,
            11.0,
            3.0,
            -11.0,
            -17.0,
            -21.0,
            -23.0,
            -23.0,
            -25.0,
            -29.0,
            -27.0,
            -19.0,
            -19.0,
            -17.0,
            -21.0,
            -19.0,
            -19.0,
            -15.0,
            -7.0,
            -9.0,
            -3.0,
            5.0,
            21.0,
            31.0,
            25.0,
            19.0,
            9.0,
            5.0,
            -3.0,
            -19.0,
            -31.0,
            -35.0,
            -33.0,
            -33.0,
            -31.0,
            -77.0,
            -127.0,
            -101.0,
            31.0,
            171.0,
            135.0,
            -1.0,
            -77.0,
            -71.0,
            -51.0,
            -37.0,
            -35.0,
            -35.0,
            -37.0,
            -31.0,
            -27.0,
            -27.0,
            -27.0,
            -27.0,
            -25.0
        ]
    },
    {
        "index": 4599,
        "subsequence": [
            -65.0,
            -59.0,
            -65.0,
            -65.0,
            -53.0,
            -49.0,
            -49.0,
            -39.0,
            -27.0,
            -25.0,
            -29.0,
            -39.0,
            -45.0,
            -49.0,
            -65.0,
            -79.0,
            -87.0,
            -91.0,
            -93.0,
            -89.0,
            -113.0,
            -181.0,
            -173.0,
            -47.0,
            109.0,
            107.0,
            -7.0,
            -119.0,
            -139.0,
            -131.0,
            -115.0,
            -97.0,
            -97.0,
            -101.0,
            -99.0,
            -93.0,
            -95.0,
            -93.0,
            -93.0,
            -91.0,
            -87.0,
            -83.0,
            -87.0,
            -79.0,
            -77.0,
            -71.0,
            -57.0,
            -51.0,
            -45.0,
            -37.0,
            -29.0,
            -21.0,
            -15.0,
            -15.0,
            -7.0,
            -7.0,
            -17.0,
            -33.0,
            -49.0,
            -63.0,
            -71.0,
            -77.0,
            -79.0,
            -81.0,
            -75.0,
            -77.0,
            -75.0,
            -81.0,
            -81.0,
            -81.0,
            -77.0,
            -73.0,
            -75.0,
            -73.0,
            -71.0,
            -69.0,
            -63.0,
            -59.0,
            -45.0,
            -31.0,
            -29.0,
            -29.0,
            -35.0,
            -47.0,
            -57.0,
            -65.0,
            -79.0,
            -89.0,
            -87.0,
            -89.0,
            -87.0,
            -121.0,
            -181.0,
            -167.0,
            -31.0,
            125.0,
            111.0,
            -31.0,
            -123.0,
            -131.0,
            -121.0,
            -97.0,
            -89.0,
            -87.0,
            -93.0,
            -87.0,
            -89.0,
            -87.0,
            -83.0,
            -81.0,
            -79.0,
            -71.0,
            -69.0,
            -69.0,
            -61.0,
            -57.0,
            -53.0,
            -43.0,
            -37.0,
            -23.0,
            -19.0,
            -7.0,
            3.0,
            3.0,
            7.0,
            5.0,
            3.0,
            -3.0,
            -15.0,
            -35.0,
            -39.0,
            -47.0,
            -53.0,
            -59.0,
            -61.0,
            -61.0,
            -65.0,
            -57.0,
            -59.0,
            -57.0,
            -59.0,
            -55.0,
            -53.0,
            -51.0,
            -51.0,
            -43.0,
            -37.0,
            -39.0,
            -33.0,
            -15.0
        ]
    },
    {
        "index": 94,
        "subsequence": [
            -21.0,
            -21.0,
            -17.0,
            -11.0,
            -11.0,
            -7.0,
            3.0,
            9.0,
            19.0,
            23.0,
            37.0,
            43.0,
            43.0,
            51.0,
            53.0,
            45.0,
            39.0,
            23.0,
            15.0,
            1.0,
            -11.0,
            -17.0,
            -19.0,
            -19.0,
            -23.0,
            -23.0,
            -25.0,
            -23.0,
            -25.0,
            -25.0,
            -25.0,
            -15.0,
            -19.0,
            -23.0,
            -23.0,
            -11.0,
            -9.0,
            -5.0,
            -1.0,
            3.0,
            21.0,
            23.0,
            27.0,
            15.0,
            5.0,
            -5.0,
            -17.0,
            -27.0,
            -35.0,
            -41.0,
            -41.0,
            -41.0,
            -47.0,
            -99.0,
            -133.0,
            -71.0,
            85.0,
            187.0,
            101.0,
            -15.0,
            -79.0,
            -77.0,
            -69.0,
            -49.0,
            -47.0,
            -43.0,
            -51.0,
            -45.0,
            -35.0,
            -35.0,
            -33.0,
            -33.0,
            -27.0,
            -27.0,
            -25.0,
            -23.0,
            -21.0,
            -13.0,
            -9.0,
            -1.0,
            7.0,
            13.0,
            25.0,
            33.0,
            35.0,
            45.0,
            51.0,
            47.0,
            37.0,
            27.0,
            11.0,
            3.0,
            -11.0,
            -17.0,
            -21.0,
            -23.0,
            -23.0,
            -25.0,
            -29.0,
            -27.0,
            -19.0,
            -19.0,
            -17.0,
            -21.0,
            -19.0,
            -19.0,
            -15.0,
            -7.0,
            -9.0,
            -3.0,
            5.0,
            21.0,
            31.0,
            25.0,
            19.0,
            9.0,
            5.0,
            -3.0,
            -19.0,
            -31.0,
            -35.0,
            -33.0,
            -33.0,
            -31.0,
            -77.0,
            -127.0,
            -101.0,
            31.0,
            171.0,
            135.0,
            -1.0,
            -77.0,
            -71.0,
            -51.0,
            -37.0,
            -35.0,
            -35.0,
            -37.0,
            -31.0,
            -27.0,
            -27.0,
            -27.0,
            -27.0,
            -25.0,
            -15.0,
            -17.0,
            -15.0,
            -7.0,
            -5.0,
            -1.0
        ]
    },
    {
        "index": 6637,
        "subsequence": [
            -17.0,
            -7.0,
            -3.0,
            -11.0,
            -5.0,
            -11.0,
            -9.0,
            -3.0,
            -1.0,
            -3.0,
            -1.0,
            17.0,
            19.0,
            15.0,
            31.0,
            29.0,
            37.0,
            29.0,
            21.0,
            17.0,
            -1.0,
            -15.0,
            -27.0,
            -25.0,
            -21.0,
            -19.0,
            -33.0,
            -115.0,
            -125.0,
            -5.0,
            171.0,
            213.0,
            87.0,
            -35.0,
            -73.0,
            -69.0,
            -63.0,
            -45.0,
            -31.0,
            -27.0,
            -25.0,
            -17.0,
            -25.0,
            -25.0,
            -21.0,
            -21.0,
            -13.0,
            -15.0,
            -9.0,
            5.0,
            1.0,
            3.0,
            9.0,
            13.0,
            19.0,
            29.0,
            41.0,
            51.0,
            53.0,
            55.0,
            55.0,
            43.0,
            35.0,
            31.0,
            21.0,
            9.0,
            -3.0,
            -7.0,
            -9.0,
            -11.0,
            -17.0,
            -7.0,
            -15.0,
            -15.0,
            -17.0,
            -13.0,
            -11.0,
            -9.0,
            -15.0,
            -3.0,
            9.0,
            5.0,
            7.0,
            9.0,
            15.0,
            31.0,
            33.0,
            27.0,
            33.0,
            23.0,
            21.0,
            11.0,
            -9.0,
            -19.0,
            -23.0,
            -29.0,
            -29.0,
            -25.0,
            -65.0,
            -137.0,
            -97.0,
            55.0,
            215.0,
            187.0,
            35.0,
            -73.0,
            -83.0,
            -69.0,
            -43.0,
            -33.0,
            -45.0,
            -35.0,
            -41.0,
            -33.0,
            -37.0,
            -33.0,
            -25.0,
            -23.0,
            -33.0,
            -21.0,
            -7.0,
            -7.0,
            -3.0,
            -1.0,
            -7.0,
            7.0,
            25.0,
            25.0,
            39.0,
            47.0,
            61.0,
            61.0,
            55.0,
            51.0,
            37.0,
            23.0,
            9.0,
            -17.0,
            -11.0,
            9.0,
            -17.0,
            -19.0,
            -21.0,
            -15.0,
            -23.0,
            -17.0,
            -23.0,
            -19.0,
            -23.0,
            -21.0
        ]
    },
    {
        "index": 6185,
        "subsequence": [
            63.0,
            -63.0,
            -111.0,
            -101.0,
            -101.0,
            -81.0,
            -75.0,
            -77.0,
            -77.0,
            -83.0,
            -77.0,
            -77.0,
            -69.0,
            -57.0,
            -67.0,
            -71.0,
            -71.0,
            -61.0,
            -61.0,
            -57.0,
            -51.0,
            -37.0,
            -29.0,
            -25.0,
            -9.0,
            -3.0,
            1.0,
            7.0,
            7.0,
            9.0,
            3.0,
            -13.0,
            -23.0,
            -37.0,
            -49.0,
            -59.0,
            -63.0,
            -73.0,
            -71.0,
            -73.0,
            -75.0,
            -81.0,
            -75.0,
            -71.0,
            -71.0,
            -71.0,
            -71.0,
            -67.0,
            -59.0,
            -63.0,
            -57.0,
            -49.0,
            -43.0,
            -27.0,
            -21.0,
            -23.0,
            -29.0,
            -37.0,
            -59.0,
            -71.0,
            -81.0,
            -81.0,
            -87.0,
            -87.0,
            -79.0,
            -115.0,
            -171.0,
            -161.0,
            -23.0,
            123.0,
            109.0,
            5.0,
            -93.0,
            -125.0,
            -131.0,
            -107.0,
            -87.0,
            -87.0,
            -87.0,
            -89.0,
            -85.0,
            -85.0,
            -73.0,
            -83.0,
            -75.0,
            -65.0,
            -65.0,
            -65.0,
            -63.0,
            -59.0,
            -45.0,
            -39.0,
            -35.0,
            -25.0,
            -15.0,
            -1.0,
            -5.0,
            -3.0,
            11.0,
            7.0,
            -1.0,
            -9.0,
            -23.0,
            -35.0,
            -45.0,
            -55.0,
            -67.0,
            -67.0,
            -65.0,
            -65.0,
            -65.0,
            -61.0,
            -67.0,
            -67.0,
            -65.0,
            -63.0,
            -65.0,
            -61.0,
            -51.0,
            -53.0,
            -49.0,
            -33.0,
            -27.0,
            -19.0,
            -15.0,
            -21.0,
            -15.0,
            -23.0,
            -43.0,
            -63.0,
            -73.0,
            -83.0,
            -83.0,
            -75.0,
            -63.0,
            -91.0,
            -165.0,
            -159.0,
            -45.0,
            93.0,
            111.0,
            15.0,
            -83.0,
            -119.0,
            -127.0,
            -111.0,
            -85.0,
            -75.0,
            -77.0,
            -81.0
        ]
    }
]