[
    {
        "index": 9588,
        "subsequence": [
            -13.12,
            -13.23,
            -12.78,
            -12.4,
            -11.43,
            -10.82,
            -10.03,
            -9.17,
            -8.46,
            -8.01,
            -7.63,
            -7.4,
            -7.48,
            -7.37,
            -7.25,
            -7.32,
            -7.25,
            -7.02,
            -6.79,
            -6.9,
            -6.83,
            -7.05,
            -7.32,
            -7.62,
            -8.11,
            -8.64,
            -9.09,
            -9.32,
            -9.62,
            -9.81,
            -9.85,
            -10.04,
            -10.2,
            -10.8,
            -11.33,
            -12.13,
            -12.65,
            -13.41,
            -14.01,
            -14.35,
            -14.51,
            -14.21,
            -13.82,
            -13.44,
            -13.17,
            -13.17,
            -13.06,
            -13.29,
            -13.59,
            -13.86,
            -14.13,
            -14.17,
            -13.76,
            -13.08,
            -12.33,
            -11.54,
            -10.56,
            -9.8,
            -8.82,
            -8.06,
            -7.65,
            -7.23,
            -6.55,
            -6.36,
            -5.99,
            -6.06,
            -5.99,
            -6.14,
            -6.25,
            -6.29,
            -6.78,
            -6.93,
            -7.24,
            -7.39,
            -7.69,
            -8.33,
            -8.51,
            -9.08,
            -9.6,
            -9.94,
            -10.35,
            -10.46,
            -10.64,
            -10.45,
            -10.27,
            -10.68,
            -11.25,
            -11.89,
            -11.96,
            -11.8,
            -11.77,
            -11.32,
            -11.06,
            -11.0,
            -11.31,
            -12.14,
            -13.39,
            -14.33,
            -14.56,
            -14.55,
            -14.13,
            -13.21,
            -12.38,
            -11.21,
            -10.08,
            -9.18,
            -8.21,
            -7.65,
            -7.32,
            -6.72,
            -6.42,
            -6.04,
            -5.66,
            -5.51,
            -5.5,
            -5.5,
            -5.8,
            -6.02,
            -6.25,
            -6.58,
            -6.92,
            -7.34,
            -7.75,
            -8.32,
            -8.62,
            -8.96,
            -9.41,
            -9.9,
            -10.51,
            -10.96,
            -11.0,
            -10.9,
            -10.97,
            -11.35,
            -11.96,
            -12.9,
            -14.22,
            -15.69,
            -16.11,
            -15.89,
            -15.59,
            -15.36,
            -14.92,
            -14.65,
            -14.64,
            -15.13,
            -15.57,
            -16.1,
            -16.66,
            -17.03
        ]
    },
    {
        "index": 10117,
        "subsequence": [
            -9.31,
            -9.54,
            -9.65,
            -9.84,
            -10.0,
            -10.42,
            -10.95,
            -11.55,
            -11.93,
            -12.75,
            -14.49,
            -15.92,
            -16.41,
            -16.01,
            -15.82,
            -14.99,
            -14.23,
            -13.66,
            -13.47,
            -13.61,
            -13.95,
            -14.74,
            -15.72,
            -16.32,
            -16.33,
            -15.91,
            -15.05,
            -14.29,
            -13.01,
            -12.0,
            -10.83,
            -9.84,
            -8.75,
            -7.84,
            -7.2,
            -6.29,
            -5.46,
            -4.93,
            -4.51,
            -3.91,
            -3.76,
            -3.68,
            -3.76,
            -3.98,
            -4.1,
            -4.33,
            -4.63,
            -5.16,
            -5.42,
            -6.02,
            -6.51,
            -7.19,
            -7.49,
            -7.98,
            -8.77,
            -9.4,
            -10.08,
            -10.46,
            -10.8,
            -10.88,
            -10.69,
            -10.4,
            -10.44,
            -11.46,
            -12.14,
            -12.67,
            -13.84,
            -15.3,
            -16.95,
            -17.84,
            -18.07,
            -17.24,
            -16.46,
            -15.68,
            -14.83,
            -14.23,
            -13.6,
            -12.77,
            -12.2,
            -11.18,
            -10.08,
            -8.83,
            -7.77,
            -6.97,
            -6.21,
            -5.71,
            -5.45,
            -5.3,
            -5.26,
            -5.33,
            -5.37,
            -5.37,
            -5.82,
            -6.01,
            -6.46,
            -6.8,
            -7.37,
            -7.82,
            -8.2,
            -8.73,
            -9.15,
            -9.45,
            -9.64,
            -9.87,
            -10.25,
            -10.78,
            -11.49,
            -12.09,
            -12.81,
            -13.72,
            -14.51,
            -14.7,
            -14.29,
            -13.54,
            -13.01,
            -12.79,
            -12.75,
            -13.16,
            -13.91,
            -14.63,
            -15.68,
            -16.4,
            -16.86,
            -16.56,
            -16.0,
            -14.91,
            -13.67,
            -12.39,
            -11.14,
            -9.94,
            -9.22,
            -8.57,
            -8.01,
            -7.48,
            -7.33,
            -7.17,
            -6.95,
            -6.76,
            -6.68,
            -6.56,
            -6.38,
            -6.34,
            -6.34,
            -6.49,
            -6.45,
            -6.41,
            -6.48,
            -6.82,
            -6.86,
            -6.76
        ]
    },
    {
        "index": 9589,
        "subsequence": [
            -13.23,
            -12.78,
            -12.4,
            -11.43,
            -10.82,
            -10.03,
            -9.17,
            -8.46,
            -8.01,
            -7.63,
            -7.4,
            -7.48,
            -7.37,
            -7.25,
            -7.32,
            -7.25,
            -7.02,
            -6.79,
            -6.9,
            -6.83,
            -7.05,
            -7.32,
            -7.62,
            -8.11,
            -8.64,
            -9.09,
            -9.32,
            -9.62,
            -9.81,
            -9.85,
            -10.04,
            -10.2,
            -10.8,
            -11.33,
            -12.13,
            -12.65,
            -13.41,
            -14.01,
            -14.35,
            -14.51,
            -14.21,
            -13.82,
            -13.44,
            -13.17,
            -13.17,
            -13.06,
            -13.29,
            -13.59,
            -13.86,
            -14.13,
            -14.17,
            -13.76,
            -13.08,
            -12.33,
            -11.54,
            -10.56,
            -9.8,
            -8.82,
            -8.06,
            -7.65,
            -7.23,
            -6.55,
            -6.36,
            -5.99,
            -6.06,
            -5.99,
            -6.14,
            -6.25,
            -6.29,
            -6.78,
            -6.93,
            -7.24,
            -7.39,
            -7.69,
            -8.33,
            -8.51,
            -9.08,
            -9.6,
            -9.94,
            -10.35,
            -10.46,
            -10.64,
            -10.45,
            -10.27,
            -10.68,
            -11.25,
            -11.89,
            -11.96,
            -11.8,
            -11.77,
            -11.32,
            -11.06,
            -11.0,
            -11.31,
            -12.14,
            -13.39,
            -14.33,
            -14.56,
            -14.55,
            -14.13,
            -13.21,
            -12.38,
            -11.21,
            -10.08,
            -9.18,
            -8.21,
            -7.65,
            -7.32,
            -6.72,
            -6.42,
            -6.04,
            -5.66,
            -5.51,
            -5.5,
            -5.5,
            -5.8,
            -6.02,
            -6.25,
            -6.58,
            -6.92,
            -7.34,
            -7.75,
            -8.32,
            -8.62,
            -8.96,
            -9.41,
            -9.9,
            -10.51,
            -10.96,
            -11.0,
            -10.9,
            -10.97,
            -11.35,
            -11.96,
            -12.9,
            -14.22,
            -15.69,
            -16.11,
            -15.89,
            -15.59,
            -15.36,
            -14.92,
            -14.65,
            -14.64,
            -15.13,
            -15.57,
            -16.1,
            -16.66,
            -17.03,
            -17.11
        ]
    },
    {
        "index": 9587,
        "subsequence": [
            -12.86,
            -13.12,
            -13.23,
            -12.78,
            -12.4,
            -11.43,
            -10.82,
            -10.03,
            -9.17,
            -8.46,
            -8.01,
            -7.63,
            -7.4,
            -7.48,
            -7.37,
            -7.25,
            -7.32,
            -7.25,
            -7.02,
            -6.79,
            -6.9,
            -6.83,
            -7.05,
            -7.32,
            -7.62,
            -8.11,
            -8.64,
            -9.09,
            -9.32,
            -9.62,
            -9.81,
            -9.85,
            -10.04,
            -10.2,
            -10.8,
            -11.33,
            -12.13,
            -12.65,
            -13.41,
            -14.01,
            -14.35,
            -14.51,
            -14.21,
            -13.82,
            -13.44,
            -13.17,
            -13.17,
            -13.06,
            -13.29,
            -13.59,
            -13.86,
            -14.13,
            -14.17,
            -13.76,
            -13.08,
            -12.33,
            -11.54,
            -10.56,
            -9.8,
            -8.82,
            -8.06,
            -7.65,
            -7.23,
            -6.55,
            -6.36,
            -5.99,
            -6.06,
            -5.99,
            -6.14,
            -6.25,
            -6.29,
            -6.78,
            -6.93,
            -7.24,
            -7.39,
            -7.69,
            -8.33,
            -8.51,
            -9.08,
            -9.6,
            -9.94,
            -10.35,
            -10.46,
            -10.64,
            -10.45,
            -10.27,
            -10.68,
            -11.25,
            -11.89,
            -11.96,
            -11.8,
            -11.77,
            -11.32,
            -11.06,
            -11.0,
            -11.31,
            -12.14,
            -13.39,
            -14.33,
            -14.56,
            -14.55,
            -14.13,
            -13.21,
            -12.38,
            -11.21,
            -10.08,
            -9.18,
            -8.21,
            -7.65,
            -7.32,
            -6.72,
            -6.42,
            -6.04,
            -5.66,
            -5.51,
            -5.5,
            -5.5,
            -5.8,
            -6.02,
            -6.25,
            -6.58,
            -6.92,
            -7.34,
            -7.75,
            -8.32,
            -8.62,
            -8.96,
            -9.41,
            -9.9,
            -10.51,
            -10.96,
            -11.0,
            -10.9,
            -10.97,
            -11.35,
            -11.96,
            -12.9,
            -14.22,
            -15.69,
            -16.11,
            -15.89,
            -15.59,
            -15.36,
            -14.92,
            -14.65,
            -14.64,
            -15.13,
            -15.57,
            -16.1,
            -16.66
        ]
    },
    {
        "index": 10118,
        "subsequence": [
            -9.54,
            -9.65,
            -9.84,
            -10.0,
            -10.42,
            -10.95,
            -11.55,
            -11.93,
            -12.75,
            -14.49,
            -15.92,
            -16.41,
            -16.01,
            -15.82,
            -14.99,
            -14.23,
            -13.66,
            -13.47,
            -13.61,
            -13.95,
            -14.74,
            -15.72,
            -16.32,
            -16.33,
            -15.91,
            -15.05,
            -14.29,
            -13.01,
            -12.0,
            -10.83,
            -9.84,
            -8.75,
            -7.84,
            -7.2,
            -6.29,
            -5.46,
            -4.93,
            -4.51,
            -3.91,
            -3.76,
            -3.68,
            -3.76,
            -3.98,
            -4.1,
            -4.33,
            -4.63,
            -5.16,
            -5.42,
            -6.02,
            -6.51,
            -7.19,
            -7.49,
            -7.98,
            -8.77,
            -9.4,
            -10.08,
            -10.46,
            -10.8,
            -10.88,
            -10.69,
            -10.4,
            -10.44,
            -11.46,
            -12.14,
            -12.67,
            -13.84,
            -15.3,
            -16.95,
            -17.84,
            -18.07,
            -17.24,
            -16.46,
            -15.68,
            -14.83,
            -14.23,
            -13.6,
            -12.77,
            -12.2,
            -11.18,
            -10.08,
            -8.83,
            -7.77,
            -6.97,
            -6.21,
            -5.71,
            -5.45,
            -5.3,
            -5.26,
            -5.33,
            -5.37,
            -5.37,
            -5.82,
            -6.01,
            -6.46,
            -6.8,
            -7.37,
            -7.82,
            -8.2,
            -8.73,
            -9.15,
            -9.45,
            -9.64,
            -9.87,
            -10.25,
            -10.78,
            -11.49,
            -12.09,
            -12.81,
            -13.72,
            -14.51,
            -14.7,
            -14.29,
            -13.54,
            -13.01,
            -12.79,
            -12.75,
            -13.16,
            -13.91,
            -14.63,
            -15.68,
            -16.4,
            -16.86,
            -16.56,
            -16.0,
            -14.91,
            -13.67,
            -12.39,
            -11.14,
            -9.94,
            -9.22,
            -8.57,
            -8.01,
            -7.48,
            -7.33,
            -7.17,
            -6.95,
            -6.76,
            -6.68,
            -6.56,
            -6.38,
            -6.34,
            -6.34,
            -6.49,
            -6.45,
            -6.41,
            -6.48,
            -6.82,
            -6.86,
            -6.76,
            -6.57
        ]
    }
]