[
    {
        "index": 1838,
        "subsequence": [
            -13.0,
            -17.0,
            -13.0,
            -17.0,
            -21.0,
            -21.0,
            -17.0,
            -15.0,
            -11.0,
            -15.0,
            -17.0,
            -13.0,
            -9.0,
            -3.0,
            1.0,
            9.0,
            21.0,
            27.0,
            25.0,
            21.0,
            11.0,
            3.0,
            -13.0,
            -23.0,
            -35.0,
            -41.0,
            -37.0,
            -41.0,
            -45.0,
            -103.0,
            -137.0,
            -77.0,
            79.0,
            189.0,
            111.0,
            -5.0,
            -81.0,
            -83.0,
            -73.0,
            -49.0,
            -47.0,
            -51.0,
            -49.0,
            -47.0,
            -49.0,
            -43.0,
            -41.0,
            -35.0,
            -31.0,
            -31.0,
            -31.0,
            -31.0,
            -29.0,
            -15.0,
            -9.0,
            -3.0,
            7.0,
            11.0,
            21.0,
            27.0,
            33.0,
            35.0,
            37.0,
            29.0,
            29.0,
            15.0,
            7.0,
            -9.0,
            -23.0,
            -27.0,
            -29.0,
            -31.0,
            -33.0,
            -35.0,
            -39.0,
            -33.0,
            -41.0,
            -35.0,
            -39.0,
            -33.0,
            -29.0,
            -33.0,
            -29.0,
            -23.0,
            -23.0,
            -13.0,
            3.0,
            7.0,
            15.0,
            11.0,
            3.0,
            -5.0,
            -19.0,
            -33.0,
            -41.0,
            -47.0,
            -49.0,
            -51.0,
            -47.0,
            -77.0,
            -151.0,
            -133.0,
            -1.0,
            167.0,
            157.0,
            11.0,
            -89.0,
            -91.0,
            -87.0,
            -59.0,
            -53.0,
            -55.0,
            -53.0,
            -55.0,
            -51.0,
            -47.0,
            -47.0,
            -49.0,
            -49.0,
            -41.0,
            -31.0,
            -31.0,
            -29.0,
            -27.0,
            -21.0,
            -15.0,
            -7.0,
            7.0,
            21.0,
            25.0,
            33.0,
            35.0,
            33.0,
            31.0,
            23.0,
            11.0,
            3.0,
            -13.0,
            -25.0,
            -27.0,
            -33.0,
            -29.0,
            -35.0,
            -33.0,
            -29.0,
            -29.0,
            -33.0,
            -31.0,
            -33.0,
            -33.0
        ]
    },
    {
        "index": 4584,
        "subsequence": [
            -1.0,
            -9.0,
            -25.0,
            -41.0,
            -47.0,
            -57.0,
            -55.0,
            -55.0,
            -59.0,
            -61.0,
            -63.0,
            -63.0,
            -65.0,
            -63.0,
            -69.0,
            -65.0,
            -59.0,
            -65.0,
            -65.0,
            -53.0,
            -49.0,
            -49.0,
            -39.0,
            -27.0,
            -25.0,
            -29.0,
            -39.0,
            -45.0,
            -49.0,
            -65.0,
            -79.0,
            -87.0,
            -91.0,
            -93.0,
            -89.0,
            -113.0,
            -181.0,
            -173.0,
            -47.0,
            109.0,
            107.0,
            -7.0,
            -119.0,
            -139.0,
            -131.0,
            -115.0,
            -97.0,
            -97.0,
            -101.0,
            -99.0,
            -93.0,
            -95.0,
            -93.0,
            -93.0,
            -91.0,
            -87.0,
            -83.0,
            -87.0,
            -79.0,
            -77.0,
            -71.0,
            -57.0,
            -51.0,
            -45.0,
            -37.0,
            -29.0,
            -21.0,
            -15.0,
            -15.0,
            -7.0,
            -7.0,
            -17.0,
            -33.0,
            -49.0,
            -63.0,
            -71.0,
            -77.0,
            -79.0,
            -81.0,
            -75.0,
            -77.0,
            -75.0,
            -81.0,
            -81.0,
            -81.0,
            -77.0,
            -73.0,
            -75.0,
            -73.0,
            -71.0,
            -69.0,
            -63.0,
            -59.0,
            -45.0,
            -31.0,
            -29.0,
            -29.0,
            -35.0,
            -47.0,
            -57.0,
            -65.0,
            -79.0,
            -89.0,
            -87.0,
            -89.0,
            -87.0,
            -121.0,
            -181.0,
            -167.0,
            -31.0,
            125.0,
            111.0,
            -31.0,
            -123.0,
            -131.0,
            -121.0,
            -97.0,
            -89.0,
            -87.0,
            -93.0,
            -87.0,
            -89.0,
            -87.0,
            -83.0,
            -81.0,
            -79.0,
            -71.0,
            -69.0,
            -69.0,
            -61.0,
            -57.0,
            -53.0,
            -43.0,
            -37.0,
            -23.0,
            -19.0,
            -7.0,
            3.0,
            3.0,
            7.0,
            5.0,
            3.0,
            -3.0,
            -15.0,
            -35.0,
            -39.0,
            -47.0,
            -53.0,
            -59.0,
            -61.0
        ]
    },
    {
        "index": 798,
        "subsequence": [
            -37.0,
            -37.0,
            -83.0,
            -111.0,
            -55.0,
            71.0,
            151.0,
            91.0,
            -5.0,
            -61.0,
            -73.0,
            -71.0,
            -53.0,
            -45.0,
            -45.0,
            -47.0,
            -43.0,
            -41.0,
            -37.0,
            -41.0,
            -41.0,
            -35.0,
            -35.0,
            -33.0,
            -27.0,
            -21.0,
            -19.0,
            -11.0,
            -9.0,
            3.0,
            13.0,
            21.0,
            29.0,
            35.0,
            37.0,
            41.0,
            31.0,
            19.0,
            9.0,
            3.0,
            -9.0,
            -21.0,
            -23.0,
            -31.0,
            -41.0,
            -35.0,
            -37.0,
            -35.0,
            -31.0,
            -37.0,
            -37.0,
            -35.0,
            -41.0,
            -37.0,
            -31.0,
            -25.0,
            -21.0,
            -17.0,
            -15.0,
            -5.0,
            3.0,
            9.0,
            11.0,
            5.0,
            1.0,
            -11.0,
            -25.0,
            -35.0,
            -47.0,
            -51.0,
            -55.0,
            -55.0,
            -41.0,
            -79.0,
            -149.0,
            -127.0,
            27.0,
            181.0,
            137.0,
            -5.0,
            -81.0,
            -91.0,
            -85.0,
            -55.0,
            -55.0,
            -53.0,
            -51.0,
            -53.0,
            -47.0,
            -43.0,
            -39.0,
            -31.0,
            -37.0,
            -33.0,
            -33.0,
            -25.0,
            -23.0,
            -17.0,
            -9.0,
            -1.0,
            7.0,
            21.0,
            27.0,
            31.0,
            41.0,
            43.0,
            47.0,
            41.0,
            33.0,
            19.0,
            9.0,
            -3.0,
            -7.0,
            -13.0,
            -17.0,
            -21.0,
            -27.0,
            -25.0,
            -25.0,
            -29.0,
            -25.0,
            -23.0,
            -23.0,
            -23.0,
            -27.0,
            -17.0,
            -17.0,
            -9.0,
            -7.0,
            1.0,
            11.0,
            27.0,
            23.0,
            23.0,
            23.0,
            15.0,
            7.0,
            -7.0,
            -19.0,
            -29.0,
            -33.0,
            -35.0,
            -37.0,
            -31.0,
            -79.0,
            -135.0,
            -91.0,
            65.0,
            193.0,
            117.0
        ]
    },
    {
        "index": 790,
        "subsequence": [
            21.0,
            11.0,
            5.0,
            -7.0,
            -23.0,
            -29.0,
            -33.0,
            -33.0,
            -37.0,
            -37.0,
            -83.0,
            -111.0,
            -55.0,
            71.0,
            151.0,
            91.0,
            -5.0,
            -61.0,
            -73.0,
            -71.0,
            -53.0,
            -45.0,
            -45.0,
            -47.0,
            -43.0,
            -41.0,
            -37.0,
            -41.0,
            -41.0,
            -35.0,
            -35.0,
            -33.0,
            -27.0,
            -21.0,
            -19.0,
            -11.0,
            -9.0,
            3.0,
            13.0,
            21.0,
            29.0,
            35.0,
            37.0,
            41.0,
            31.0,
            19.0,
            9.0,
            3.0,
            -9.0,
            -21.0,
            -23.0,
            -31.0,
            -41.0,
            -35.0,
            -37.0,
            -35.0,
            -31.0,
            -37.0,
            -37.0,
            -35.0,
            -41.0,
            -37.0,
            -31.0,
            -25.0,
            -21.0,
            -17.0,
            -15.0,
            -5.0,
            3.0,
            9.0,
            11.0,
            5.0,
            1.0,
            -11.0,
            -25.0,
            -35.0,
            -47.0,
            -51.0,
            -55.0,
            -55.0,
            -41.0,
            -79.0,
            -149.0,
            -127.0,
            27.0,
            181.0,
            137.0,
            -5.0,
            -81.0,
            -91.0,
            -85.0,
            -55.0,
            -55.0,
            -53.0,
            -51.0,
            -53.0,
            -47.0,
            -43.0,
            -39.0,
            -31.0,
            -37.0,
            -33.0,
            -33.0,
            -25.0,
            -23.0,
            -17.0,
            -9.0,
            -1.0,
            7.0,
            21.0,
            27.0,
            31.0,
            41.0,
            43.0,
            47.0,
            41.0,
            33.0,
            19.0,
            9.0,
            -3.0,
            -7.0,
            -13.0,
            -17.0,
            -21.0,
            -27.0,
            -25.0,
            -25.0,
            -29.0,
            -25.0,
            -23.0,
            -23.0,
            -23.0,
            -27.0,
            -17.0,
            -17.0,
            -9.0,
            -7.0,
            1.0,
            11.0,
            27.0,
            23.0,
            23.0,
            23.0,
            15.0,
            7.0,
            -7.0,
            -19.0,
            -29.0,
            -33.0,
            -35.0
        ]
    },
    {
        "index": 743,
        "subsequence": [
            -31.0,
            -33.0,
            -29.0,
            -31.0,
            -27.0,
            -23.0,
            -23.0,
            -19.0,
            -17.0,
            -3.0,
            1.0,
            1.0,
            11.0,
            21.0,
            31.0,
            37.0,
            43.0,
            45.0,
            53.0,
            47.0,
            47.0,
            41.0,
            29.0,
            17.0,
            5.0,
            -3.0,
            -13.0,
            -23.0,
            -21.0,
            -17.0,
            -17.0,
            -11.0,
            -19.0,
            -17.0,
            -19.0,
            -21.0,
            -17.0,
            -19.0,
            -21.0,
            -15.0,
            -11.0,
            -9.0,
            1.0,
            5.0,
            21.0,
            23.0,
            25.0,
            21.0,
            11.0,
            5.0,
            -7.0,
            -23.0,
            -29.0,
            -33.0,
            -33.0,
            -37.0,
            -37.0,
            -83.0,
            -111.0,
            -55.0,
            71.0,
            151.0,
            91.0,
            -5.0,
            -61.0,
            -73.0,
            -71.0,
            -53.0,
            -45.0,
            -45.0,
            -47.0,
            -43.0,
            -41.0,
            -37.0,
            -41.0,
            -41.0,
            -35.0,
            -35.0,
            -33.0,
            -27.0,
            -21.0,
            -19.0,
            -11.0,
            -9.0,
            3.0,
            13.0,
            21.0,
            29.0,
            35.0,
            37.0,
            41.0,
            31.0,
            19.0,
            9.0,
            3.0,
            -9.0,
            -21.0,
            -23.0,
            -31.0,
            -41.0,
            -35.0,
            -37.0,
            -35.0,
            -31.0,
            -37.0,
            -37.0,
            -35.0,
            -41.0,
            -37.0,
            -31.0,
            -25.0,
            -21.0,
            -17.0,
            -15.0,
            -5.0,
            3.0,
            9.0,
            11.0,
            5.0,
            1.0,
            -11.0,
            -25.0,
            -35.0,
            -47.0,
            -51.0,
            -55.0,
            -55.0,
            -41.0,
            -79.0,
            -149.0,
            -127.0,
            27.0,
            181.0,
            137.0,
            -5.0,
            -81.0,
            -91.0,
            -85.0,
            -55.0,
            -55.0,
            -53.0,
            -51.0,
            -53.0,
            -47.0,
            -43.0,
            -39.0,
            -31.0,
            -37.0,
            -33.0,
            -33.0
        ]
    }
]