[
    {
        "index": 10122,
        "subsequence": [
            -10.42,
            -10.95,
            -11.55,
            -11.93,
            -12.75,
            -14.49,
            -15.92,
            -16.41,
            -16.01,
            -15.82,
            -14.99,
            -14.23,
            -13.66,
            -13.47,
            -13.61,
            -13.95,
            -14.74,
            -15.72,
            -16.32,
            -16.33,
            -15.91,
            -15.05,
            -14.29,
            -13.01,
            -12.0,
            -10.83,
            -9.84,
            -8.75,
            -7.84,
            -7.2,
            -6.29,
            -5.46,
            -4.93,
            -4.51,
            -3.91,
            -3.76,
            -3.68,
            -3.76,
            -3.98,
            -4.1,
            -4.33,
            -4.63,
            -5.16,
            -5.42,
            -6.02,
            -6.51,
            -7.19,
            -7.49,
            -7.98,
            -8.77,
            -9.4,
            -10.08,
            -10.46,
            -10.8,
            -10.88,
            -10.69,
            -10.4,
            -10.44,
            -11.46,
            -12.14,
            -12.67,
            -13.84,
            -15.3,
            -16.95,
            -17.84,
            -18.07,
            -17.24,
            -16.46,
            -15.68,
            -14.83,
            -14.23,
            -13.6,
            -12.77,
            -12.2,
            -11.18,
            -10.08,
            -8.83,
            -7.77,
            -6.97,
            -6.21,
            -5.71,
            -5.45,
            -5.3,
            -5.26,
            -5.33,
            -5.37,
            -5.37,
            -5.82,
            -6.01,
            -6.46,
            -6.8,
            -7.37,
            -7.82,
            -8.2,
            -8.73,
            -9.15,
            -9.45,
            -9.64,
            -9.87,
            -10.25,
            -10.78,
            -11.49,
            -12.09,
            -12.81,
            -13.72,
            -14.51,
            -14.7,
            -14.29,
            -13.54,
            -13.01,
            -12.79,
            -12.75,
            -13.16,
            -13.91,
            -14.63,
            -15.68,
            -16.4,
            -16.86,
            -16.56,
            -16.0,
            -14.91,
            -13.67,
            -12.39,
            -11.14,
            -9.94,
            -9.22,
            -8.57,
            -8.01,
            -7.48,
            -7.33,
            -7.17,
            -6.95,
            -6.76,
            -6.68,
            -6.56,
            -6.38,
            -6.34,
            -6.34,
            -6.49,
            -6.45,
            -6.41,
            -6.48,
            -6.82,
            -6.86,
            -6.76,
            -6.57,
            -6.61,
            -6.69,
            -6.92,
            -7.4
        ]
    },
    {
        "index": 30546,
        "subsequence": [
            -6.61,
            -6.23,
            -5.97,
            -5.89,
            -6.04,
            -5.9,
            -5.82,
            -5.75,
            -5.53,
            -5.11,
            -4.89,
            -4.78,
            -4.82,
            -4.56,
            -4.7,
            -4.55,
            -4.55,
            -4.62,
            -4.77,
            -4.84,
            -5.09,
            -6.41,
            -7.96,
            -8.95,
            -9.72,
            -9.86,
            -9.55,
            -10.53,
            -10.75,
            -11.4,
            -11.28,
            -12.41,
            -13.49,
            -14.86,
            -15.01,
            -15.01,
            -15.13,
            -14.94,
            -14.45,
            -13.95,
            -13.34,
            -12.77,
            -12.81,
            -13.12,
            -13.22,
            -13.26,
            -13.01,
            -12.29,
            -11.35,
            -9.96,
            -8.98,
            -8.22,
            -7.39,
            -6.86,
            -6.41,
            -5.81,
            -5.73,
            -5.63,
            -5.07,
            -4.92,
            -4.51,
            -4.39,
            -4.24,
            -4.2,
            -4.35,
            -4.54,
            -4.24,
            -4.43,
            -4.77,
            -5.14,
            -5.15,
            -5.57,
            -5.99,
            -6.55,
            -6.96,
            -5.28,
            -4.72,
            -13.44,
            -7.17,
            -7.35,
            -5.4,
            -11.81,
            -10.07,
            -10.09,
            -14.5,
            -13.8,
            -11.71,
            -10.08,
            -9.07,
            -8.76,
            -9.59,
            -10.27,
            -10.38,
            -10.15,
            -10.53,
            -10.16,
            -9.87,
            -9.49,
            -9.08,
            -8.33,
            -7.61,
            -7.19,
            -6.55,
            -6.4,
            -6.02,
            -5.61,
            -5.24,
            -5.16,
            -4.9,
            -4.52,
            -4.56,
            -4.45,
            -4.46,
            -4.27,
            -4.61,
            -4.43,
            -4.61,
            -4.91,
            -5.22,
            -5.79,
            -6.65,
            -7.14,
            -8.08,
            -9.17,
            -9.85,
            -9.97,
            -10.77,
            -10.69,
            -9.81,
            -10.14,
            -9.84,
            -9.61,
            -10.62,
            -11.63,
            -12.34,
            -12.76,
            -13.63,
            -14.27,
            -14.64,
            -14.52,
            -14.1,
            -13.87,
            -13.71,
            -13.61,
            -13.99,
            -14.37,
            -13.95,
            -13.35,
            -12.34,
            -11.48
        ]
    },
    {
        "index": 10123,
        "subsequence": [
            -10.95,
            -11.55,
            -11.93,
            -12.75,
            -14.49,
            -15.92,
            -16.41,
            -16.01,
            -15.82,
            -14.99,
            -14.23,
            -13.66,
            -13.47,
            -13.61,
            -13.95,
            -14.74,
            -15.72,
            -16.32,
            -16.33,
            -15.91,
            -15.05,
            -14.29,
            -13.01,
            -12.0,
            -10.83,
            -9.84,
            -8.75,
            -7.84,
            -7.2,
            -6.29,
            -5.46,
            -4.93,
            -4.51,
            -3.91,
            -3.76,
            -3.68,
            -3.76,
            -3.98,
            -4.1,
            -4.33,
            -4.63,
            -5.16,
            -5.42,
            -6.02,
            -6.51,
            -7.19,
            -7.49,
            -7.98,
            -8.77,
            -9.4,
            -10.08,
            -10.46,
            -10.8,
            -10.88,
            -10.69,
            -10.4,
            -10.44,
            -11.46,
            -12.14,
            -12.67,
            -13.84,
            -15.3,
            -16.95,
            -17.84,
            -18.07,
            -17.24,
            -16.46,
            -15.68,
            -14.83,
            -14.23,
            -13.6,
            -12.77,
            -12.2,
            -11.18,
            -10.08,
            -8.83,
            -7.77,
            -6.97,
            -6.21,
            -5.71,
            -5.45,
            -5.3,
            -5.26,
            -5.33,
            -5.37,
            -5.37,
            -5.82,
            -6.01,
            -6.46,
            -6.8,
            -7.37,
            -7.82,
            -8.2,
            -8.73,
            -9.15,
            -9.45,
            -9.64,
            -9.87,
            -10.25,
            -10.78,
            -11.49,
            -12.09,
            -12.81,
            -13.72,
            -14.51,
            -14.7,
            -14.29,
            -13.54,
            -13.01,
            -12.79,
            -12.75,
            -13.16,
            -13.91,
            -14.63,
            -15.68,
            -16.4,
            -16.86,
            -16.56,
            -16.0,
            -14.91,
            -13.67,
            -12.39,
            -11.14,
            -9.94,
            -9.22,
            -8.57,
            -8.01,
            -7.48,
            -7.33,
            -7.17,
            -6.95,
            -6.76,
            -6.68,
            -6.56,
            -6.38,
            -6.34,
            -6.34,
            -6.49,
            -6.45,
            -6.41,
            -6.48,
            -6.82,
            -6.86,
            -6.76,
            -6.57,
            -6.61,
            -6.69,
            -6.92,
            -7.4,
            -7.82
        ]
    },
    {
        "index": 10121,
        "subsequence": [
            -10.0,
            -10.42,
            -10.95,
            -11.55,
            -11.93,
            -12.75,
            -14.49,
            -15.92,
            -16.41,
            -16.01,
            -15.82,
            -14.99,
            -14.23,
            -13.66,
            -13.47,
            -13.61,
            -13.95,
            -14.74,
            -15.72,
            -16.32,
            -16.33,
            -15.91,
            -15.05,
            -14.29,
            -13.01,
            -12.0,
            -10.83,
            -9.84,
            -8.75,
            -7.84,
            -7.2,
            -6.29,
            -5.46,
            -4.93,
            -4.51,
            -3.91,
            -3.76,
            -3.68,
            -3.76,
            -3.98,
            -4.1,
            -4.33,
            -4.63,
            -5.16,
            -5.42,
            -6.02,
            -6.51,
            -7.19,
            -7.49,
            -7.98,
            -8.77,
            -9.4,
            -10.08,
            -10.46,
            -10.8,
            -10.88,
            -10.69,
            -10.4,
            -10.44,
            -11.46,
            -12.14,
            -12.67,
            -13.84,
            -15.3,
            -16.95,
            -17.84,
            -18.07,
            -17.24,
            -16.46,
            -15.68,
            -14.83,
            -14.23,
            -13.6,
            -12.77,
            -12.2,
            -11.18,
            -10.08,
            -8.83,
            -7.77,
            -6.97,
            -6.21,
            -5.71,
            -5.45,
            -5.3,
            -5.26,
            -5.33,
            -5.37,
            -5.37,
            -5.82,
            -6.01,
            -6.46,
            -6.8,
            -7.37,
            -7.82,
            -8.2,
            -8.73,
            -9.15,
            -9.45,
            -9.64,
            -9.87,
            -10.25,
            -10.78,
            -11.49,
            -12.09,
            -12.81,
            -13.72,
            -14.51,
            -14.7,
            -14.29,
            -13.54,
            -13.01,
            -12.79,
            -12.75,
            -13.16,
            -13.91,
            -14.63,
            -15.68,
            -16.4,
            -16.86,
            -16.56,
            -16.0,
            -14.91,
            -13.67,
            -12.39,
            -11.14,
            -9.94,
            -9.22,
            -8.57,
            -8.01,
            -7.48,
            -7.33,
            -7.17,
            -6.95,
            -6.76,
            -6.68,
            -6.56,
            -6.38,
            -6.34,
            -6.34,
            -6.49,
            -6.45,
            -6.41,
            -6.48,
            -6.82,
            -6.86,
            -6.76,
            -6.57,
            -6.61,
            -6.69,
            -6.92
        ]
    },
    {
        "index": 10124,
        "subsequence": [
            -11.55,
            -11.93,
            -12.75,
            -14.49,
            -15.92,
            -16.41,
            -16.01,
            -15.82,
            -14.99,
            -14.23,
            -13.66,
            -13.47,
            -13.61,
            -13.95,
            -14.74,
            -15.72,
            -16.32,
            -16.33,
            -15.91,
            -15.05,
            -14.29,
            -13.01,
            -12.0,
            -10.83,
            -9.84,
            -8.75,
            -7.84,
            -7.2,
            -6.29,
            -5.46,
            -4.93,
            -4.51,
            -3.91,
            -3.76,
            -3.68,
            -3.76,
            -3.98,
            -4.1,
            -4.33,
            -4.63,
            -5.16,
            -5.42,
            -6.02,
            -6.51,
            -7.19,
            -7.49,
            -7.98,
            -8.77,
            -9.4,
            -10.08,
            -10.46,
            -10.8,
            -10.88,
            -10.69,
            -10.4,
            -10.44,
            -11.46,
            -12.14,
            -12.67,
            -13.84,
            -15.3,
            -16.95,
            -17.84,
            -18.07,
            -17.24,
            -16.46,
            -15.68,
            -14.83,
            -14.23,
            -13.6,
            -12.77,
            -12.2,
            -11.18,
            -10.08,
            -8.83,
            -7.77,
            -6.97,
            -6.21,
            -5.71,
            -5.45,
            -5.3,
            -5.26,
            -5.33,
            -5.37,
            -5.37,
            -5.82,
            -6.01,
            -6.46,
            -6.8,
            -7.37,
            -7.82,
            -8.2,
            -8.73,
            -9.15,
            -9.45,
            -9.64,
            -9.87,
            -10.25,
            -10.78,
            -11.49,
            -12.09,
            -12.81,
            -13.72,
            -14.51,
            -14.7,
            -14.29,
            -13.54,
            -13.01,
            -12.79,
            -12.75,
            -13.16,
            -13.91,
            -14.63,
            -15.68,
            -16.4,
            -16.86,
            -16.56,
            -16.0,
            -14.91,
            -13.67,
            -12.39,
            -11.14,
            -9.94,
            -9.22,
            -8.57,
            -8.01,
            -7.48,
            -7.33,
            -7.17,
            -6.95,
            -6.76,
            -6.68,
            -6.56,
            -6.38,
            -6.34,
            -6.34,
            -6.49,
            -6.45,
            -6.41,
            -6.48,
            -6.82,
            -6.86,
            -6.76,
            -6.57,
            -6.61,
            -6.69,
            -6.92,
            -7.4,
            -7.82,
            -7.79
        ]
    }
]