[
    {
        "index": 4175,
        "subsequence": [
            132.0,
            159.0,
            183.0,
            204.0,
            220.0,
            232.0,
            239.0,
            241.0,
            238.0,
            231.0,
            221.0,
            209.0,
            194.0,
            177.0,
            158.0,
            138.0,
            116.0,
            94.0,
            73.0,
            51.0,
            30.0,
            11.0,
            -6.0,
            -20.0,
            -34.0,
            -49.0,
            -63.0,
            -77.0,
            -90.0,
            -104.0,
            -117.0,
            -131.0,
            -144.0,
            -159.0,
            -170.0,
            -181.0,
            -194.0,
            -207.0,
            -221.0,
            -235.0,
            -249.0,
            -261.0,
            -271.0,
            -277.0,
            -280.0,
            -278.0,
            -270.0,
            -258.0,
            -242.0,
            -221.0,
            -194.0,
            -163.0,
            -128.0,
            -91.0,
            -54.0,
            -17.0,
            19.0,
            52.0,
            82.0,
            105.0,
            124.0,
            142.0,
            157.0,
            169.0,
            177.0,
            182.0,
            183.0,
            181.0,
            176.0,
            168.0,
            157.0,
            144.0,
            130.0,
            116.0,
            98.0,
            79.0,
            59.0,
            38.0,
            17.0,
            -2.0,
            -20.0,
            -33.0,
            -42.0,
            -46.0,
            -46.0,
            -41.0,
            -30.0,
            -14.0,
            7.0,
            32.0,
            59.0,
            88.0,
            117.0,
            145.0,
            170.0,
            192.0,
            209.0,
            220.0,
            227.0,
            231.0,
            231.0,
            227.0,
            220.0,
            209.0,
            195.0,
            179.0,
            161.0,
            142.0,
            121.0,
            102.0,
            85.0,
            66.0,
            47.0,
            28.0,
            10.0,
            -7.0,
            -24.0,
            -39.0,
            -53.0,
            -67.0,
            -80.0,
            -93.0,
            -105.0,
            -115.0,
            -127.0,
            -140.0,
            -153.0,
            -167.0,
            -181.0,
            -195.0,
            -208.0,
            -222.0,
            -234.0,
            -246.0,
            -255.0,
            -261.0,
            -266.0,
            -269.0,
            -267.0,
            -260.0,
            -248.0,
            -230.0,
            -206.0,
            -177.0,
            -144.0,
            -108.0,
            -71.0,
            -38.0,
            -8.0,
            24.0
        ]
    },
    {
        "index": 4195,
        "subsequence": [
            30.0,
            11.0,
            -6.0,
            -20.0,
            -34.0,
            -49.0,
            -63.0,
            -77.0,
            -90.0,
            -104.0,
            -117.0,
            -131.0,
            -144.0,
            -159.0,
            -170.0,
            -181.0,
            -194.0,
            -207.0,
            -221.0,
            -235.0,
            -249.0,
            -261.0,
            -271.0,
            -277.0,
            -280.0,
            -278.0,
            -270.0,
            -258.0,
            -242.0,
            -221.0,
            -194.0,
            -163.0,
            -128.0,
            -91.0,
            -54.0,
            -17.0,
            19.0,
            52.0,
            82.0,
            105.0,
            124.0,
            142.0,
            157.0,
            169.0,
            177.0,
            182.0,
            183.0,
            181.0,
            176.0,
            168.0,
            157.0,
            144.0,
            130.0,
            116.0,
            98.0,
            79.0,
            59.0,
            38.0,
            17.0,
            -2.0,
            -20.0,
            -33.0,
            -42.0,
            -46.0,
            -46.0,
            -41.0,
            -30.0,
            -14.0,
            7.0,
            32.0,
            59.0,
            88.0,
            117.0,
            145.0,
            170.0,
            192.0,
            209.0,
            220.0,
            227.0,
            231.0,
            231.0,
            227.0,
            220.0,
            209.0,
            195.0,
            179.0,
            161.0,
            142.0,
            121.0,
            102.0,
            85.0,
            66.0,
            47.0,
            28.0,
            10.0,
            -7.0,
            -24.0,
            -39.0,
            -53.0,
            -67.0,
            -80.0,
            -93.0,
            -105.0,
            -115.0,
            -127.0,
            -140.0,
            -153.0,
            -167.0,
            -181.0,
            -195.0,
            -208.0,
            -222.0,
            -234.0,
            -246.0,
            -255.0,
            -261.0,
            -266.0,
            -269.0,
            -267.0,
            -260.0,
            -248.0,
            -230.0,
            -206.0,
            -177.0,
            -144.0,
            -108.0,
            -71.0,
            -38.0,
            -8.0,
            24.0,
            56.0,
            86.0,
            113.0,
            137.0,
            156.0,
            171.0,
            183.0,
            190.0,
            194.0,
            194.0,
            192.0,
            187.0,
            179.0,
            169.0,
            156.0,
            141.0,
            124.0,
            105.0,
            85.0,
            63.0
        ]
    },
    {
        "index": 4212,
        "subsequence": [
            -207.0,
            -221.0,
            -235.0,
            -249.0,
            -261.0,
            -271.0,
            -277.0,
            -280.0,
            -278.0,
            -270.0,
            -258.0,
            -242.0,
            -221.0,
            -194.0,
            -163.0,
            -128.0,
            -91.0,
            -54.0,
            -17.0,
            19.0,
            52.0,
            82.0,
            105.0,
            124.0,
            142.0,
            157.0,
            169.0,
            177.0,
            182.0,
            183.0,
            181.0,
            176.0,
            168.0,
            157.0,
            144.0,
            130.0,
            116.0,
            98.0,
            79.0,
            59.0,
            38.0,
            17.0,
            -2.0,
            -20.0,
            -33.0,
            -42.0,
            -46.0,
            -46.0,
            -41.0,
            -30.0,
            -14.0,
            7.0,
            32.0,
            59.0,
            88.0,
            117.0,
            145.0,
            170.0,
            192.0,
            209.0,
            220.0,
            227.0,
            231.0,
            231.0,
            227.0,
            220.0,
            209.0,
            195.0,
            179.0,
            161.0,
            142.0,
            121.0,
            102.0,
            85.0,
            66.0,
            47.0,
            28.0,
            10.0,
            -7.0,
            -24.0,
            -39.0,
            -53.0,
            -67.0,
            -80.0,
            -93.0,
            -105.0,
            -115.0,
            -127.0,
            -140.0,
            -153.0,
            -167.0,
            -181.0,
            -195.0,
            -208.0,
            -222.0,
            -234.0,
            -246.0,
            -255.0,
            -261.0,
            -266.0,
            -269.0,
            -267.0,
            -260.0,
            -248.0,
            -230.0,
            -206.0,
            -177.0,
            -144.0,
            -108.0,
            -71.0,
            -38.0,
            -8.0,
            24.0,
            56.0,
            86.0,
            113.0,
            137.0,
            156.0,
            171.0,
            183.0,
            190.0,
            194.0,
            194.0,
            192.0,
            187.0,
            179.0,
            169.0,
            156.0,
            141.0,
            124.0,
            105.0,
            85.0,
            63.0,
            42.0,
            21.0,
            4.0,
            -10.0,
            -22.0,
            -31.0,
            -35.0,
            -34.0,
            -28.0,
            -15.0,
            2.0,
            25.0,
            50.0,
            78.0,
            102.0,
            125.0,
            149.0
        ]
    },
    {
        "index": 4224,
        "subsequence": [
            -221.0,
            -194.0,
            -163.0,
            -128.0,
            -91.0,
            -54.0,
            -17.0,
            19.0,
            52.0,
            82.0,
            105.0,
            124.0,
            142.0,
            157.0,
            169.0,
            177.0,
            182.0,
            183.0,
            181.0,
            176.0,
            168.0,
            157.0,
            144.0,
            130.0,
            116.0,
            98.0,
            79.0,
            59.0,
            38.0,
            17.0,
            -2.0,
            -20.0,
            -33.0,
            -42.0,
            -46.0,
            -46.0,
            -41.0,
            -30.0,
            -14.0,
            7.0,
            32.0,
            59.0,
            88.0,
            117.0,
            145.0,
            170.0,
            192.0,
            209.0,
            220.0,
            227.0,
            231.0,
            231.0,
            227.0,
            220.0,
            209.0,
            195.0,
            179.0,
            161.0,
            142.0,
            121.0,
            102.0,
            85.0,
            66.0,
            47.0,
            28.0,
            10.0,
            -7.0,
            -24.0,
            -39.0,
            -53.0,
            -67.0,
            -80.0,
            -93.0,
            -105.0,
            -115.0,
            -127.0,
            -140.0,
            -153.0,
            -167.0,
            -181.0,
            -195.0,
            -208.0,
            -222.0,
            -234.0,
            -246.0,
            -255.0,
            -261.0,
            -266.0,
            -269.0,
            -267.0,
            -260.0,
            -248.0,
            -230.0,
            -206.0,
            -177.0,
            -144.0,
            -108.0,
            -71.0,
            -38.0,
            -8.0,
            24.0,
            56.0,
            86.0,
            113.0,
            137.0,
            156.0,
            171.0,
            183.0,
            190.0,
            194.0,
            194.0,
            192.0,
            187.0,
            179.0,
            169.0,
            156.0,
            141.0,
            124.0,
            105.0,
            85.0,
            63.0,
            42.0,
            21.0,
            4.0,
            -10.0,
            -22.0,
            -31.0,
            -35.0,
            -34.0,
            -28.0,
            -15.0,
            2.0,
            25.0,
            50.0,
            78.0,
            102.0,
            125.0,
            149.0,
            172.0,
            193.0,
            210.0,
            223.0,
            231.0,
            235.0,
            233.0,
            228.0,
            218.0,
            206.0,
            192.0,
            177.0
        ]
    },
    {
        "index": 8718,
        "subsequence": [
            -125.0,
            -131.0,
            -136.0,
            -142.0,
            -147.0,
            -153.0,
            -159.0,
            -165.0,
            -171.0,
            -176.0,
            -181.0,
            -185.0,
            -188.0,
            -192.0,
            -194.0,
            -196.0,
            -198.0,
            -201.0,
            -205.0,
            -208.0,
            -211.0,
            -214.0,
            -217.0,
            -219.0,
            -221.0,
            -223.0,
            -225.0,
            -226.0,
            -227.0,
            -228.0,
            -230.0,
            -230.0,
            -228.0,
            -222.0,
            -211.0,
            -194.0,
            -171.0,
            -143.0,
            -110.0,
            -76.0,
            -46.0,
            -18.0,
            11.0,
            41.0,
            69.0,
            97.0,
            122.0,
            145.0,
            166.0,
            185.0,
            202.0,
            217.0,
            231.0,
            239.0,
            245.0,
            251.0,
            255.0,
            256.0,
            255.0,
            251.0,
            245.0,
            236.0,
            226.0,
            215.0,
            204.0,
            192.0,
            182.0,
            172.0,
            161.0,
            151.0,
            140.0,
            129.0,
            118.0,
            107.0,
            95.0,
            83.0,
            70.0,
            58.0,
            46.0,
            35.0,
            26.0,
            16.0,
            6.0,
            -4.0,
            -13.0,
            -21.0,
            -28.0,
            -35.0,
            -43.0,
            -50.0,
            -58.0,
            -65.0,
            -72.0,
            -77.0,
            -84.0,
            -91.0,
            -99.0,
            -108.0,
            -116.0,
            -124.0,
            -131.0,
            -139.0,
            -146.0,
            -153.0,
            -159.0,
            -163.0,
            -166.0,
            -170.0,
            -174.0,
            -178.0,
            -182.0,
            -186.0,
            -190.0,
            -194.0,
            -198.0,
            -202.0,
            -206.0,
            -211.0,
            -215.0,
            -217.0,
            -219.0,
            -222.0,
            -225.0,
            -229.0,
            -232.0,
            -234.0,
            -234.0,
            -230.0,
            -222.0,
            -208.0,
            -188.0,
            -162.0,
            -137.0,
            -111.0,
            -80.0,
            -48.0,
            -17.0,
            13.0,
            41.0,
            68.0,
            92.0,
            115.0,
            135.0,
            154.0,
            171.0,
            185.0,
            195.0,
            206.0,
            217.0,
            226.0
        ]
    }
]