[
    {
        "index": 2458,
        "subsequence": [
            104.0,
            104.0,
            183.0,
            161.0,
            175.0,
            152.0,
            143.0,
            106.0,
            123.0,
            105.0,
            114.0,
            101.0,
            109.0,
            106.0,
            65.0,
            268.0,
            910.0,
            1675.0,
            1343.0,
            411.0,
            213.0,
            145.0,
            162.0,
            132.0,
            150.0,
            134.0,
            154.0,
            145.0,
            155.0,
            145.0,
            156.0,
            143.0,
            171.0,
            181.0,
            220.0,
            230.0,
            290.0,
            312.0,
            361.0,
            377.0,
            395.0,
            376.0,
            350.0,
            290.0,
            265.0,
            192.0,
            189.0,
            143.0,
            158.0,
            130.0,
            143.0,
            129.0,
            144.0,
            133.0,
            146.0,
            132.0,
            156.0,
            133.0,
            157.0,
            138.0,
            155.0,
            139.0,
            156.0,
            140.0,
            164.0,
            140.0,
            165.0,
            141.0,
            174.0,
            153.0,
            168.0,
            158.0,
            191.0,
            221.0,
            266.0,
            227.0,
            239.0,
            215.0,
            199.0,
            172.0,
            188.0,
            170.0,
            181.0,
            172.0,
            188.0,
            141.0,
            246.0,
            713.0,
            1642.0,
            1636.0,
            652.0,
            285.0,
            232.0,
            191.0,
            209.0,
            191.0,
            216.0,
            198.0,
            223.0,
            196.0,
            217.0,
            194.0,
            218.0,
            206.0,
            233.0,
            226.0,
            275.0,
            290.0,
            351.0,
            371.0,
            420.0,
            409.0,
            425.0,
            379.0,
            339.0,
            269.0,
            238.0,
            185.0,
            186.0,
            152.0,
            157.0,
            143.0,
            158.0,
            138.0,
            161.0,
            149.0,
            159.0,
            148.0,
            168.0,
            152.0,
            167.0,
            148.0,
            162.0,
            141.0,
            168.0,
            142.0,
            171.0,
            156.0,
            177.0,
            152.0,
            182.0,
            162.0,
            167.0,
            157.0,
            184.0,
            184.0,
            237.0,
            257.0,
            261.0,
            239.0
        ]
    },
    {
        "index": 3335,
        "subsequence": [
            484.0,
            1393.0,
            1422.0,
            447.0,
            75.0,
            22.0,
            -10.0,
            -1.0,
            -11.0,
            4.0,
            -4.0,
            13.0,
            1.0,
            13.0,
            -1.0,
            16.0,
            12.0,
            27.0,
            27.0,
            69.0,
            88.0,
            141.0,
            167.0,
            213.0,
            219.0,
            225.0,
            179.0,
            158.0,
            82.0,
            47.0,
            -6.0,
            -11.0,
            -48.0,
            -29.0,
            -56.0,
            -38.0,
            -52.0,
            -45.0,
            -59.0,
            -43.0,
            -54.0,
            -47.0,
            -62.0,
            -39.0,
            -53.0,
            -44.0,
            -61.0,
            -39.0,
            -53.0,
            -41.0,
            -50.0,
            -37.0,
            -50.0,
            -41.0,
            -45.0,
            -36.0,
            -31.0,
            36.0,
            30.0,
            35.0,
            15.0,
            16.0,
            -30.0,
            -16.0,
            -33.0,
            -33.0,
            -32.0,
            -18.0,
            -32.0,
            -62.0,
            103.0,
            677.0,
            1492.0,
            1281.0,
            304.0,
            77.0,
            8.0,
            16.0,
            4.0,
            12.0,
            14.0,
            15.0,
            0.0,
            23.0,
            9.0,
            27.0,
            17.0,
            39.0,
            37.0,
            75.0,
            87.0,
            128.0,
            168.0,
            210.0,
            216.0,
            252.0,
            228.0,
            205.0,
            142.0,
            103.0,
            51.0,
            19.0,
            -11.0,
            -5.0,
            -21.0,
            -16.0,
            -30.0,
            -9.0,
            -27.0,
            -6.0,
            -28.0,
            -9.0,
            -28.0,
            -11.0,
            -26.0,
            -8.0,
            -22.0,
            -16.0,
            -33.0,
            -16.0,
            -26.0,
            -18.0,
            -30.0,
            -8.0,
            -28.0,
            -13.0,
            -13.0,
            16.0,
            52.0,
            62.0,
            41.0,
            57.0,
            24.0,
            2.0,
            -9.0,
            7.0,
            -17.0,
            -5.0,
            -10.0,
            8.0,
            -70.0,
            212.0,
            896.0,
            1608.0,
            1110.0,
            264.0,
            73.0,
            44.0,
            10.0,
            28.0
        ]
    },
    {
        "index": 6777,
        "subsequence": [
            9.3514,
            7.8563,
            6.5067,
            4.7878,
            2.9803,
            0.78234,
            -1.9583,
            -5.3695,
            -8.6939,
            -11.925,
            -14.789,
            -16.226,
            -15.197,
            -12.744,
            -6.4577,
            -3.966,
            -3.596,
            -3.5478,
            -2.7835,
            -1.9424,
            -0.90994,
            0.34081,
            1.2,
            1.8969,
            2.4378,
            2.6766,
            2.6721,
            3.0062,
            3.7556,
            4.712,
            5.8245,
            8.9947,
            11.051,
            12.996,
            15.035,
            15.443,
            14.287,
            12.243,
            9.7669,
            7.4061,
            5.454,
            3.7087,
            1.6865,
            -0.71832,
            -3.2536,
            -5.9517,
            -8.8752,
            -12.18,
            -14.801,
            -14.681,
            -13.326,
            -7.7702,
            -4.448,
            -3.738,
            -3.4505,
            -2.849,
            -1.967,
            -1.122,
            -0.34403,
            0.33075,
            0.63491,
            0.57851,
            0.56661,
            0.95691,
            1.7982,
            3.1342,
            4.1826,
            5.3583,
            7.3118,
            8.4623,
            10.666,
            12.343,
            12.874,
            12.551,
            11.798,
            10.54,
            8.835,
            6.9927,
            4.7874,
            2.3813,
            -0.5686,
            -3.9918,
            -7.3148,
            -10.787,
            -13.861,
            -14.468,
            -14.798,
            -12.135,
            -8.4458,
            -6.4954,
            -5.6145,
            -5.9037,
            -4.986,
            -4.5328,
            -3.4522,
            -2.5235,
            -1.7614,
            -1.3421,
            -1.1625,
            -1.0269,
            -0.75853,
            0.11607,
            1.7055,
            3.1779,
            5.1752,
            8.1887,
            10.1,
            12.267,
            13.824,
            13.753,
            13.136,
            11.965,
            10.407,
            8.271,
            6.4106,
            4.4298,
            2.6778,
            0.93522,
            -1.189,
            -3.5351,
            -6.0972,
            -8.9527,
            -10.349,
            -11.134,
            -12.334,
            -9.2947,
            -6.1327,
            -6.5984,
            -7.1715,
            -7.1031,
            -6.7032,
            -5.7054,
            -4.3749,
            -2.8763,
            -1.3074,
            -0.098214,
            0.3581,
            0.10381,
            -0.13372,
            -0.15441,
            0.10014,
            0.85895,
            2.4708,
            4.812,
            6.7988,
            9.9755,
            12.292,
            13.761,
            13.874,
            13.156
        ]
    },
    {
        "index": 6749,
        "subsequence": [
            -11.307,
            -13.641,
            -14.465,
            -13.339,
            -11.057,
            -7.4472,
            -5.0631,
            -4.6398,
            -4.3084,
            -3.902,
            -2.7003,
            -1.0886,
            0.61608,
            2.0075,
            2.7671,
            3.2525,
            3.7778,
            4.5238,
            5.4241,
            6.1591,
            6.5551,
            7.2581,
            8.0723,
            7.2204,
            8.2805,
            9.9461,
            11.149,
            10.827,
            9.3514,
            7.8563,
            6.5067,
            4.7878,
            2.9803,
            0.78234,
            -1.9583,
            -5.3695,
            -8.6939,
            -11.925,
            -14.789,
            -16.226,
            -15.197,
            -12.744,
            -6.4577,
            -3.966,
            -3.596,
            -3.5478,
            -2.7835,
            -1.9424,
            -0.90994,
            0.34081,
            1.2,
            1.8969,
            2.4378,
            2.6766,
            2.6721,
            3.0062,
            3.7556,
            4.712,
            5.8245,
            8.9947,
            11.051,
            12.996,
            15.035,
            15.443,
            14.287,
            12.243,
            9.7669,
            7.4061,
            5.454,
            3.7087,
            1.6865,
            -0.71832,
            -3.2536,
            -5.9517,
            -8.8752,
            -12.18,
            -14.801,
            -14.681,
            -13.326,
            -7.7702,
            -4.448,
            -3.738,
            -3.4505,
            -2.849,
            -1.967,
            -1.122,
            -0.34403,
            0.33075,
            0.63491,
            0.57851,
            0.56661,
            0.95691,
            1.7982,
            3.1342,
            4.1826,
            5.3583,
            7.3118,
            8.4623,
            10.666,
            12.343,
            12.874,
            12.551,
            11.798,
            10.54,
            8.835,
            6.9927,
            4.7874,
            2.3813,
            -0.5686,
            -3.9918,
            -7.3148,
            -10.787,
            -13.861,
            -14.468,
            -14.798,
            -12.135,
            -8.4458,
            -6.4954,
            -5.6145,
            -5.9037,
            -4.986,
            -4.5328,
            -3.4522,
            -2.5235,
            -1.7614,
            -1.3421,
            -1.1625,
            -1.0269,
            -0.75853,
            0.11607,
            1.7055,
            3.1779,
            5.1752,
            8.1887,
            10.1,
            12.267,
            13.824,
            13.753,
            13.136,
            11.965,
            10.407,
            8.271,
            6.4106,
            4.4298,
            2.6778,
            0.93522,
            -1.189,
            -3.5351,
            -6.0972,
            -8.9527
        ]
    },
    {
        "index": 5016,
        "subsequence": [
            -36.0,
            -71.0,
            -114.0,
            -123.0,
            -149.0,
            -139.0,
            -142.0,
            -137.0,
            -145.0,
            -137.0,
            -137.0,
            -127.0,
            -134.0,
            -124.0,
            -120.0,
            -127.0,
            -138.0,
            -125.0,
            -129.0,
            -120.0,
            -128.0,
            -129.0,
            -124.0,
            -114.0,
            -125.0,
            -109.0,
            -113.0,
            -107.0,
            -94.0,
            -31.0,
            -24.0,
            -19.0,
            -41.0,
            -34.0,
            -77.0,
            -79.0,
            -82.0,
            -85.0,
            -95.0,
            -87.0,
            -83.0,
            -112.0,
            24.0,
            581.0,
            1445.0,
            1291.0,
            299.0,
            27.0,
            -36.0,
            -39.0,
            -61.0,
            -45.0,
            -46.0,
            -37.0,
            -42.0,
            -32.0,
            -40.0,
            -42.0,
            -34.0,
            -29.0,
            -11.0,
            5.0,
            22.0,
            67.0,
            105.0,
            151.0,
            158.0,
            180.0,
            172.0,
            138.0,
            77.0,
            34.0,
            -21.0,
            -51.0,
            -79.0,
            -86.0,
            -100.0,
            -99.0,
            -104.0,
            -100.0,
            -105.0,
            -88.0,
            -100.0,
            -89.0,
            -99.0,
            -87.0,
            -101.0,
            -87.0,
            -102.0,
            -96.0,
            -102.0,
            -97.0,
            -118.0,
            -99.0,
            -108.0,
            -107.0,
            -117.0,
            -111.0,
            -109.0,
            -99.0,
            -84.0,
            -17.0,
            -43.0,
            -53.0,
            -62.0,
            -75.0,
            -118.0,
            -113.0,
            -118.0,
            -125.0,
            -124.0,
            -121.0,
            -129.0,
            -169.0,
            143.0,
            933.0,
            1463.0,
            838.0,
            87.0,
            -60.0,
            -96.0,
            -98.0,
            -109.0,
            -101.0,
            -102.0,
            -90.0,
            -92.0,
            -79.0,
            -79.0,
            -74.0,
            -72.0,
            -61.0,
            -52.0,
            -16.0,
            10.0,
            56.0,
            94.0,
            128.0,
            147.0,
            161.0,
            139.0,
            107.0,
            50.0,
            -12.0,
            -51.0,
            -73.0,
            -102.0,
            -107.0,
            -122.0,
            -114.0
        ]
    }
]