[
    {
        "index": 10035,
        "subsequence": [
            -27.0,
            -29.0,
            -29.0,
            -33.0,
            -37.0,
            -55.0,
            -35.0,
            -43.0,
            -79.0,
            27.0,
            273.0,
            459.0,
            393.0,
            -3.0,
            -153.0,
            -105.0,
            -67.0,
            -63.0,
            -47.0,
            -43.0,
            -43.0,
            -41.0,
            -35.0,
            -47.0,
            -31.0,
            -21.0,
            -23.0,
            -11.0,
            -5.0,
            -7.0,
            -1.0,
            7.0,
            13.0,
            19.0,
            23.0,
            27.0,
            29.0,
            29.0,
            27.0,
            27.0,
            29.0,
            21.0,
            25.0,
            11.0,
            5.0,
            3.0,
            -5.0,
            -13.0,
            3.0,
            -17.0,
            -5.0,
            -5.0,
            -15.0,
            -9.0,
            3.0,
            27.0,
            27.0,
            49.0,
            37.0,
            7.0,
            43.0,
            75.0,
            33.0,
            13.0,
            27.0,
            3.0,
            -9.0,
            -13.0,
            -17.0,
            -27.0,
            -25.0,
            -27.0,
            -17.0,
            -19.0,
            -17.0,
            -55.0,
            -39.0,
            175.0,
            391.0,
            459.0,
            235.0,
            -85.0,
            -131.0,
            -89.0,
            -53.0,
            -35.0,
            -33.0,
            -39.0,
            -37.0,
            -39.0,
            -37.0,
            -33.0,
            -33.0,
            -35.0,
            -37.0,
            -15.0,
            -11.0,
            -3.0,
            -9.0,
            -1.0,
            9.0,
            15.0,
            19.0,
            27.0,
            27.0,
            25.0,
            21.0,
            21.0,
            17.0,
            15.0,
            5.0,
            -3.0,
            -13.0,
            -23.0,
            -27.0,
            -29.0,
            -33.0,
            -31.0,
            -27.0,
            -33.0,
            -29.0,
            -23.0,
            -11.0,
            -5.0,
            5.0,
            7.0,
            3.0,
            13.0,
            9.0,
            -1.0,
            -1.0,
            -15.0,
            -21.0,
            -39.0,
            -41.0,
            -45.0,
            -39.0,
            -41.0,
            -41.0,
            -39.0,
            -45.0,
            -39.0,
            -83.0,
            31.0,
            271.0,
            451.0,
            375.0,
            -1.0,
            -153.0,
            -143.0
        ]
    },
    {
        "index": 14758,
        "subsequence": [
            -59.0,
            -57.0,
            -49.0,
            -49.0,
            -43.0,
            -35.0,
            -29.0,
            -17.0,
            -9.0,
            9.0,
            23.0,
            33.0,
            37.0,
            43.0,
            39.0,
            31.0,
            15.0,
            -3.0,
            -17.0,
            -29.0,
            -37.0,
            -41.0,
            -43.0,
            -41.0,
            -47.0,
            -47.0,
            -47.0,
            -45.0,
            -43.0,
            -41.0,
            -35.0,
            -31.0,
            -27.0,
            -21.0,
            -19.0,
            -13.0,
            -17.0,
            -15.0,
            -19.0,
            -19.0,
            -21.0,
            -21.0,
            -21.0,
            -23.0,
            -23.0,
            -23.0,
            -25.0,
            -27.0,
            -29.0,
            -15.0,
            -5.0,
            -1.0,
            -1.0,
            -3.0,
            1.0,
            9.0,
            7.0,
            3.0,
            1.0,
            -13.0,
            -25.0,
            -31.0,
            -33.0,
            -37.0,
            -35.0,
            -35.0,
            -39.0,
            -35.0,
            -33.0,
            -31.0,
            -25.0,
            -59.0,
            -45.0,
            179.0,
            419.0,
            527.0,
            249.0,
            -129.0,
            -151.0,
            -87.0,
            -47.0,
            -41.0,
            -37.0,
            -39.0,
            -37.0,
            -35.0,
            -31.0,
            -27.0,
            -29.0,
            -23.0,
            -19.0,
            -17.0,
            -13.0,
            -7.0,
            -1.0,
            7.0,
            17.0,
            33.0,
            47.0,
            61.0,
            73.0,
            73.0,
            77.0,
            75.0,
            65.0,
            49.0,
            33.0,
            13.0,
            1.0,
            -5.0,
            -13.0,
            -17.0,
            -19.0,
            -21.0,
            -23.0,
            -21.0,
            -21.0,
            -21.0,
            -19.0,
            -17.0,
            -15.0,
            -11.0,
            -9.0,
            -7.0,
            -5.0,
            -3.0,
            -1.0,
            -3.0,
            -3.0,
            -3.0,
            -7.0,
            -9.0,
            -9.0,
            -9.0,
            -15.0,
            -13.0,
            -15.0,
            -13.0,
            -13.0,
            -13.0,
            -13.0,
            -17.0,
            -15.0,
            -13.0,
            -13.0,
            -13.0,
            -11.0,
            -13.0,
            -3.0,
            5.0
        ]
    },
    {
        "index": 9900,
        "subsequence": [
            -51.0,
            -69.0,
            -67.0,
            -75.0,
            -73.0,
            -67.0,
            -53.0,
            -81.0,
            -67.0,
            -91.0,
            -127.0,
            -27.0,
            233.0,
            435.0,
            415.0,
            7.0,
            -129.0,
            -149.0,
            -113.0,
            -83.0,
            -79.0,
            -95.0,
            -81.0,
            -77.0,
            -67.0,
            -65.0,
            -67.0,
            -57.0,
            -45.0,
            -41.0,
            -45.0,
            -49.0,
            -53.0,
            -51.0,
            -51.0,
            -61.0,
            -49.0,
            -49.0,
            -47.0,
            -43.0,
            -47.0,
            -49.0,
            -47.0,
            -43.0,
            -39.0,
            -41.0,
            -41.0,
            -55.0,
            -39.0,
            -37.0,
            -55.0,
            -3.0,
            -53.0,
            -63.0,
            -53.0,
            -39.0,
            -23.0,
            -19.0,
            5.0,
            5.0,
            -3.0,
            9.0,
            3.0,
            -5.0,
            -3.0,
            -13.0,
            -29.0,
            -35.0,
            -43.0,
            -47.0,
            -53.0,
            -43.0,
            -39.0,
            -51.0,
            -39.0,
            -43.0,
            -91.0,
            -9.0,
            241.0,
            435.0,
            425.0,
            29.0,
            -143.0,
            -135.0,
            -91.0,
            -61.0,
            -57.0,
            -51.0,
            -67.0,
            -67.0,
            -59.0,
            -53.0,
            -43.0,
            -39.0,
            -35.0,
            -29.0,
            -27.0,
            -13.0,
            -25.0,
            -33.0,
            -21.0,
            -7.0,
            7.0,
            15.0,
            33.0,
            35.0,
            43.0,
            53.0,
            29.0,
            33.0,
            35.0,
            27.0,
            23.0,
            13.0,
            15.0,
            3.0,
            -9.0,
            -7.0,
            -17.0,
            -21.0,
            -11.0,
            3.0,
            11.0,
            19.0,
            31.0,
            29.0,
            29.0,
            37.0,
            51.0,
            41.0,
            29.0,
            31.0,
            21.0,
            -7.0,
            -35.0,
            -27.0,
            -29.0,
            -29.0,
            -33.0,
            -37.0,
            -55.0,
            -35.0,
            -43.0,
            -79.0,
            27.0,
            273.0,
            459.0,
            393.0,
            -3.0,
            -153.0
        ]
    },
    {
        "index": 10045,
        "subsequence": [
            273.0,
            459.0,
            393.0,
            -3.0,
            -153.0,
            -105.0,
            -67.0,
            -63.0,
            -47.0,
            -43.0,
            -43.0,
            -41.0,
            -35.0,
            -47.0,
            -31.0,
            -21.0,
            -23.0,
            -11.0,
            -5.0,
            -7.0,
            -1.0,
            7.0,
            13.0,
            19.0,
            23.0,
            27.0,
            29.0,
            29.0,
            27.0,
            27.0,
            29.0,
            21.0,
            25.0,
            11.0,
            5.0,
            3.0,
            -5.0,
            -13.0,
            3.0,
            -17.0,
            -5.0,
            -5.0,
            -15.0,
            -9.0,
            3.0,
            27.0,
            27.0,
            49.0,
            37.0,
            7.0,
            43.0,
            75.0,
            33.0,
            13.0,
            27.0,
            3.0,
            -9.0,
            -13.0,
            -17.0,
            -27.0,
            -25.0,
            -27.0,
            -17.0,
            -19.0,
            -17.0,
            -55.0,
            -39.0,
            175.0,
            391.0,
            459.0,
            235.0,
            -85.0,
            -131.0,
            -89.0,
            -53.0,
            -35.0,
            -33.0,
            -39.0,
            -37.0,
            -39.0,
            -37.0,
            -33.0,
            -33.0,
            -35.0,
            -37.0,
            -15.0,
            -11.0,
            -3.0,
            -9.0,
            -1.0,
            9.0,
            15.0,
            19.0,
            27.0,
            27.0,
            25.0,
            21.0,
            21.0,
            17.0,
            15.0,
            5.0,
            -3.0,
            -13.0,
            -23.0,
            -27.0,
            -29.0,
            -33.0,
            -31.0,
            -27.0,
            -33.0,
            -29.0,
            -23.0,
            -11.0,
            -5.0,
            5.0,
            7.0,
            3.0,
            13.0,
            9.0,
            -1.0,
            -1.0,
            -15.0,
            -21.0,
            -39.0,
            -41.0,
            -45.0,
            -39.0,
            -41.0,
            -41.0,
            -39.0,
            -45.0,
            -39.0,
            -83.0,
            31.0,
            271.0,
            451.0,
            375.0,
            -1.0,
            -153.0,
            -143.0,
            -35.0,
            -45.0,
            -59.0,
            -43.0,
            -75.0,
            -61.0,
            -59.0,
            -41.0,
            -43.0,
            -49.0
        ]
    },
    {
        "index": 14839,
        "subsequence": [
            -41.0,
            -37.0,
            -39.0,
            -37.0,
            -35.0,
            -31.0,
            -27.0,
            -29.0,
            -23.0,
            -19.0,
            -17.0,
            -13.0,
            -7.0,
            -1.0,
            7.0,
            17.0,
            33.0,
            47.0,
            61.0,
            73.0,
            73.0,
            77.0,
            75.0,
            65.0,
            49.0,
            33.0,
            13.0,
            1.0,
            -5.0,
            -13.0,
            -17.0,
            -19.0,
            -21.0,
            -23.0,
            -21.0,
            -21.0,
            -21.0,
            -19.0,
            -17.0,
            -15.0,
            -11.0,
            -9.0,
            -7.0,
            -5.0,
            -3.0,
            -1.0,
            -3.0,
            -3.0,
            -3.0,
            -7.0,
            -9.0,
            -9.0,
            -9.0,
            -15.0,
            -13.0,
            -15.0,
            -13.0,
            -13.0,
            -13.0,
            -13.0,
            -17.0,
            -15.0,
            -13.0,
            -13.0,
            -13.0,
            -11.0,
            -13.0,
            -3.0,
            5.0,
            11.0,
            9.0,
            -1.0,
            5.0,
            7.0,
            5.0,
            -1.0,
            -3.0,
            -5.0,
            -19.0,
            -21.0,
            -23.0,
            -27.0,
            -23.0,
            -27.0,
            -21.0,
            -21.0,
            -17.0,
            -11.0,
            -47.0,
            -19.0,
            203.0,
            421.0,
            507.0,
            275.0,
            -97.0,
            -145.0,
            -85.0,
            -39.0,
            -29.0,
            -29.0,
            -25.0,
            -25.0,
            -25.0,
            -25.0,
            -23.0,
            -19.0,
            -17.0,
            -15.0,
            -11.0,
            -9.0,
            -1.0,
            3.0,
            13.0,
            19.0,
            25.0,
            41.0,
            57.0,
            69.0,
            77.0,
            79.0,
            81.0,
            75.0,
            63.0,
            45.0,
            31.0,
            13.0,
            3.0,
            -5.0,
            -9.0,
            -13.0,
            -15.0,
            -19.0,
            -17.0,
            -19.0,
            -19.0,
            -19.0,
            -17.0,
            -15.0,
            -13.0,
            -11.0,
            -7.0,
            -7.0,
            -3.0,
            -3.0,
            -1.0,
            1.0,
            -1.0,
            -3.0,
            -5.0,
            -7.0
        ]
    }
]