[
    {
        "index": 4055,
        "subsequence": [
            192.0,
            194.0,
            193.0,
            189.0,
            181.0,
            172.0,
            162.0,
            148.0,
            132.0,
            114.0,
            94.0,
            74.0,
            53.0,
            33.0,
            13.0,
            -4.0,
            -18.0,
            -28.0,
            -32.0,
            -33.0,
            -27.0,
            -16.0,
            1.0,
            24.0,
            50.0,
            80.0,
            110.0,
            140.0,
            168.0,
            193.0,
            212.0,
            226.0,
            239.0,
            248.0,
            252.0,
            252.0,
            247.0,
            238.0,
            226.0,
            210.0,
            193.0,
            173.0,
            155.0,
            137.0,
            117.0,
            96.0,
            75.0,
            54.0,
            34.0,
            15.0,
            -2.0,
            -17.0,
            -31.0,
            -45.0,
            -58.0,
            -68.0,
            -78.0,
            -90.0,
            -103.0,
            -117.0,
            -132.0,
            -147.0,
            -162.0,
            -177.0,
            -193.0,
            -212.0,
            -232.0,
            -245.0,
            -256.0,
            -266.0,
            -275.0,
            -281.0,
            -283.0,
            -280.0,
            -271.0,
            -255.0,
            -233.0,
            -205.0,
            -172.0,
            -136.0,
            -102.0,
            -70.0,
            -34.0,
            3.0,
            38.0,
            71.0,
            100.0,
            125.0,
            146.0,
            164.0,
            177.0,
            186.0,
            191.0,
            193.0,
            192.0,
            188.0,
            182.0,
            172.0,
            160.0,
            146.0,
            130.0,
            112.0,
            92.0,
            72.0,
            50.0,
            31.0,
            14.0,
            -5.0,
            -21.0,
            -34.0,
            -43.0,
            -45.0,
            -42.0,
            -32.0,
            -17.0,
            4.0,
            29.0,
            53.0,
            76.0,
            104.0,
            132.0,
            159.0,
            183.0,
            204.0,
            220.0,
            232.0,
            239.0,
            241.0,
            238.0,
            231.0,
            221.0,
            209.0,
            194.0,
            177.0,
            158.0,
            138.0,
            116.0,
            94.0,
            73.0,
            51.0,
            30.0,
            11.0,
            -6.0,
            -20.0,
            -34.0,
            -49.0,
            -63.0,
            -77.0,
            -90.0,
            -104.0
        ]
    },
    {
        "index": 10552,
        "subsequence": [
            -253.0,
            -257.0,
            -259.0,
            -259.0,
            -257.0,
            -251.0,
            -240.0,
            -222.0,
            -199.0,
            -170.0,
            -139.0,
            -106.0,
            -73.0,
            -41.0,
            -9.0,
            17.0,
            39.0,
            63.0,
            86.0,
            107.0,
            127.0,
            146.0,
            162.0,
            176.0,
            189.0,
            201.0,
            209.0,
            215.0,
            218.0,
            218.0,
            217.0,
            212.0,
            205.0,
            196.0,
            186.0,
            174.0,
            162.0,
            149.0,
            136.0,
            123.0,
            110.0,
            98.0,
            86.0,
            75.0,
            63.0,
            52.0,
            41.0,
            31.0,
            20.0,
            10.0,
            -1.0,
            -11.0,
            -21.0,
            -31.0,
            -42.0,
            -50.0,
            -58.0,
            -67.0,
            -76.0,
            -85.0,
            -94.0,
            -102.0,
            -110.0,
            -117.0,
            -124.0,
            -131.0,
            -139.0,
            -146.0,
            -152.0,
            -157.0,
            -163.0,
            -169.0,
            -175.0,
            -182.0,
            -188.0,
            -194.0,
            -200.0,
            -206.0,
            -211.0,
            -215.0,
            -219.0,
            -221.0,
            -223.0,
            -226.0,
            -228.0,
            -231.0,
            -233.0,
            -235.0,
            -238.0,
            -240.0,
            -242.0,
            -245.0,
            -248.0,
            -252.0,
            -254.0,
            -257.0,
            -260.0,
            -264.0,
            -265.0,
            -264.0,
            -258.0,
            -246.0,
            -227.0,
            -203.0,
            -174.0,
            -142.0,
            -108.0,
            -78.0,
            -51.0,
            -22.0,
            6.0,
            33.0,
            59.0,
            83.0,
            105.0,
            126.0,
            144.0,
            161.0,
            176.0,
            188.0,
            197.0,
            202.0,
            208.0,
            211.0,
            213.0,
            211.0,
            206.0,
            199.0,
            190.0,
            179.0,
            167.0,
            156.0,
            145.0,
            134.0,
            124.0,
            113.0,
            102.0,
            91.0,
            80.0,
            69.0,
            58.0,
            47.0,
            37.0,
            27.0,
            17.0,
            7.0,
            -1.0,
            -9.0,
            -17.0,
            -25.0
        ]
    },
    {
        "index": 10221,
        "subsequence": [
            22.0,
            12.0,
            2.0,
            -8.0,
            -18.0,
            -27.0,
            -35.0,
            -44.0,
            -53.0,
            -61.0,
            -70.0,
            -78.0,
            -86.0,
            -93.0,
            -101.0,
            -108.0,
            -115.0,
            -122.0,
            -128.0,
            -133.0,
            -140.0,
            -147.0,
            -153.0,
            -160.0,
            -167.0,
            -173.0,
            -180.0,
            -185.0,
            -191.0,
            -197.0,
            -202.0,
            -206.0,
            -209.0,
            -212.0,
            -215.0,
            -218.0,
            -220.0,
            -223.0,
            -225.0,
            -227.0,
            -230.0,
            -232.0,
            -236.0,
            -239.0,
            -243.0,
            -246.0,
            -248.0,
            -250.0,
            -252.0,
            -252.0,
            -249.0,
            -242.0,
            -229.0,
            -210.0,
            -186.0,
            -157.0,
            -127.0,
            -97.0,
            -70.0,
            -44.0,
            -17.0,
            10.0,
            36.0,
            61.0,
            84.0,
            105.0,
            124.0,
            142.0,
            157.0,
            170.0,
            182.0,
            190.0,
            196.0,
            201.0,
            204.0,
            205.0,
            204.0,
            199.0,
            192.0,
            182.0,
            171.0,
            159.0,
            147.0,
            135.0,
            124.0,
            113.0,
            102.0,
            90.0,
            78.0,
            67.0,
            55.0,
            45.0,
            34.0,
            24.0,
            14.0,
            4.0,
            -6.0,
            -15.0,
            -23.0,
            -31.0,
            -40.0,
            -49.0,
            -59.0,
            -68.0,
            -77.0,
            -85.0,
            -94.0,
            -102.0,
            -110.0,
            -118.0,
            -124.0,
            -128.0,
            -134.0,
            -140.0,
            -146.0,
            -153.0,
            -159.0,
            -166.0,
            -172.0,
            -179.0,
            -185.0,
            -191.0,
            -196.0,
            -201.0,
            -204.0,
            -207.0,
            -211.0,
            -214.0,
            -217.0,
            -220.0,
            -223.0,
            -225.0,
            -227.0,
            -229.0,
            -231.0,
            -232.0,
            -232.0,
            -233.0,
            -234.0,
            -236.0,
            -237.0,
            -240.0,
            -243.0,
            -246.0,
            -247.0,
            -244.0,
            -237.0,
            -223.0,
            -203.0,
            -178.0
        ]
    },
    {
        "index": 13999,
        "subsequence": [
            248.0,
            239.0,
            229.0,
            218.0,
            207.0,
            194.0,
            181.0,
            168.0,
            155.0,
            142.0,
            129.0,
            115.0,
            102.0,
            89.0,
            76.0,
            64.0,
            54.0,
            45.0,
            36.0,
            27.0,
            18.0,
            9.0,
            1.0,
            -9.0,
            -18.0,
            -27.0,
            -36.0,
            -45.0,
            -55.0,
            -63.0,
            -70.0,
            -79.0,
            -87.0,
            -96.0,
            -104.0,
            -113.0,
            -122.0,
            -129.0,
            -137.0,
            -144.0,
            -150.0,
            -156.0,
            -160.0,
            -163.0,
            -167.0,
            -173.0,
            -178.0,
            -184.0,
            -190.0,
            -195.0,
            -201.0,
            -205.0,
            -210.0,
            -213.0,
            -217.0,
            -219.0,
            -221.0,
            -224.0,
            -227.0,
            -229.0,
            -231.0,
            -233.0,
            -236.0,
            -238.0,
            -240.0,
            -242.0,
            -242.0,
            -239.0,
            -232.0,
            -222.0,
            -204.0,
            -181.0,
            -154.0,
            -123.0,
            -91.0,
            -59.0,
            -27.0,
            3.0,
            31.0,
            58.0,
            84.0,
            104.0,
            122.0,
            141.0,
            159.0,
            176.0,
            192.0,
            206.0,
            218.0,
            227.0,
            234.0,
            239.0,
            240.0,
            239.0,
            234.0,
            227.0,
            219.0,
            209.0,
            198.0,
            186.0,
            173.0,
            160.0,
            148.0,
            136.0,
            123.0,
            112.0,
            100.0,
            88.0,
            77.0,
            67.0,
            57.0,
            46.0,
            34.0,
            23.0,
            11.0,
            -1.0,
            -13.0,
            -25.0,
            -34.0,
            -43.0,
            -51.0,
            -58.0,
            -65.0,
            -73.0,
            -81.0,
            -90.0,
            -98.0,
            -107.0,
            -115.0,
            -122.0,
            -128.0,
            -134.0,
            -140.0,
            -146.0,
            -150.0,
            -154.0,
            -159.0,
            -165.0,
            -171.0,
            -177.0,
            -183.0,
            -188.0,
            -193.0,
            -197.0,
            -201.0,
            -205.0,
            -209.0,
            -212.0,
            -214.0,
            -216.0
        ]
    },
    {
        "index": 12182,
        "subsequence": [
            65.0,
            89.0,
            111.0,
            133.0,
            152.0,
            170.0,
            186.0,
            200.0,
            211.0,
            220.0,
            227.0,
            230.0,
            230.0,
            228.0,
            224.0,
            218.0,
            209.0,
            198.0,
            186.0,
            174.0,
            161.0,
            147.0,
            134.0,
            121.0,
            110.0,
            99.0,
            87.0,
            75.0,
            63.0,
            52.0,
            41.0,
            30.0,
            19.0,
            9.0,
            -1.0,
            -10.0,
            -20.0,
            -28.0,
            -35.0,
            -44.0,
            -52.0,
            -61.0,
            -71.0,
            -79.0,
            -88.0,
            -96.0,
            -104.0,
            -112.0,
            -119.0,
            -126.0,
            -132.0,
            -137.0,
            -143.0,
            -149.0,
            -156.0,
            -163.0,
            -169.0,
            -176.0,
            -182.0,
            -188.0,
            -194.0,
            -200.0,
            -205.0,
            -209.0,
            -213.0,
            -216.0,
            -220.0,
            -223.0,
            -227.0,
            -229.0,
            -232.0,
            -234.0,
            -237.0,
            -239.0,
            -241.0,
            -243.0,
            -245.0,
            -246.0,
            -249.0,
            -253.0,
            -255.0,
            -257.0,
            -255.0,
            -249.0,
            -238.0,
            -221.0,
            -198.0,
            -170.0,
            -139.0,
            -110.0,
            -83.0,
            -53.0,
            -23.0,
            6.0,
            34.0,
            60.0,
            84.0,
            106.0,
            126.0,
            144.0,
            161.0,
            176.0,
            186.0,
            194.0,
            202.0,
            208.0,
            211.0,
            213.0,
            211.0,
            207.0,
            200.0,
            192.0,
            182.0,
            171.0,
            159.0,
            147.0,
            136.0,
            125.0,
            113.0,
            101.0,
            90.0,
            78.0,
            67.0,
            57.0,
            46.0,
            36.0,
            26.0,
            16.0,
            7.0,
            -2.0,
            -10.0,
            -18.0,
            -27.0,
            -36.0,
            -44.0,
            -52.0,
            -61.0,
            -69.0,
            -76.0,
            -84.0,
            -91.0,
            -98.0,
            -105.0,
            -110.0,
            -116.0,
            -121.0,
            -127.0,
            -132.0,
            -138.0,
            -143.0
        ]
    }
]