[
    {
        "index": 6887,
        "subsequence": [
            66.0,
            64.0,
            62.0,
            71.0,
            46.0,
            82.0,
            70.0,
            63.0,
            61.0,
            77.0,
            70.0,
            80.0,
            73.0,
            76.0,
            60.0,
            82.0,
            106.0,
            150.0,
            116.0,
            189.0,
            193.0,
            128.0,
            111.0,
            102.0,
            78.0,
            77.0,
            66.0,
            78.0,
            68.0,
            74.0,
            75.0,
            84.0,
            80.0,
            241.0,
            409.0,
            478.0,
            433.0,
            169.0,
            59.0,
            -5.0,
            94.0,
            144.0,
            160.0,
            151.0,
            169.0,
            199.0,
            201.0,
            220.0,
            227.0,
            248.0,
            264.0,
            300.0,
            324.0,
            363.0,
            378.0,
            405.0,
            417.0,
            439.0,
            423.0,
            409.0,
            364.0,
            319.0,
            268.0,
            232.0,
            194.0,
            173.0,
            147.0,
            146.0,
            142.0,
            138.0,
            132.0,
            133.0,
            123.0,
            129.0,
            126.0,
            129.0,
            118.0,
            116.0,
            107.0,
            112.0,
            106.0,
            104.0,
            88.0,
            83.0,
            103.0,
            94.0,
            92.0,
            107.0,
            137.0,
            146.0,
            127.0,
            206.0,
            154.0,
            115.0,
            87.0,
            66.0,
            37.0,
            36.0,
            28.0,
            37.0,
            33.0,
            38.0,
            28.0,
            25.0,
            77.0,
            250.0,
            377.0,
            380.0,
            210.0,
            42.0,
            -112.0,
            -47.0,
            39.0,
            60.0,
            67.0,
            73.0,
            80.0,
            88.0,
            93.0,
            111.0,
            126.0,
            143.0,
            143.0,
            166.0,
            221.0,
            235.0,
            265.0,
            283.0,
            283.0,
            290.0,
            261.0,
            220.0,
            173.0,
            133.0,
            75.0,
            41.0,
            -3.0,
            -13.0,
            -32.0,
            -41.0,
            -47.0,
            -53.0,
            -62.0,
            -62.0,
            -65.0,
            -65.0,
            -77.0,
            -69.0,
            -76.0,
            -80.0
        ]
    },
    {
        "index": 2512,
        "subsequence": [
            139.0,
            -8.0,
            27.0,
            64.0,
            73.0,
            83.0,
            79.0,
            89.0,
            87.0,
            102.0,
            104.0,
            124.0,
            133.0,
            150.0,
            172.0,
            210.0,
            237.0,
            298.0,
            355.0,
            422.0,
            475.0,
            526.0,
            543.0,
            522.0,
            455.0,
            371.0,
            286.0,
            223.0,
            159.0,
            134.0,
            109.0,
            105.0,
            92.0,
            97.0,
            96.0,
            103.0,
            101.0,
            112.0,
            106.0,
            114.0,
            105.0,
            110.0,
            102.0,
            115.0,
            104.0,
            107.0,
            101.0,
            104.0,
            97.0,
            105.0,
            98.0,
            106.0,
            98.0,
            103.0,
            98.0,
            111.0,
            99.0,
            112.0,
            144.0,
            165.0,
            179.0,
            226.0,
            219.0,
            219.0,
            174.0,
            142.0,
            102.0,
            100.0,
            86.0,
            82.0,
            130.0,
            382.0,
            977.0,
            965.0,
            279.0,
            1.0,
            1.0,
            52.0,
            62.0,
            65.0,
            64.0,
            76.0,
            71.0,
            88.0,
            92.0,
            110.0,
            122.0,
            150.0,
            167.0,
            203.0,
            233.0,
            287.0,
            344.0,
            416.0,
            469.0,
            517.0,
            540.0,
            547.0,
            489.0,
            417.0,
            315.0,
            239.0,
            185.0,
            150.0,
            120.0,
            114.0,
            107.0,
            110.0,
            105.0,
            114.0,
            107.0,
            118.0,
            108.0,
            117.0,
            106.0,
            116.0,
            109.0,
            114.0,
            109.0,
            113.0,
            102.0,
            105.0,
            97.0,
            108.0,
            95.0,
            102.0,
            95.0,
            109.0,
            93.0,
            100.0,
            92.0,
            102.0,
            89.0,
            111.0,
            142.0,
            166.0,
            186.0,
            216.0,
            206.0,
            189.0,
            151.0,
            113.0,
            78.0,
            81.0,
            69.0,
            57.0,
            169.0,
            476.0,
            1128.0,
            764.0
        ]
    },
    {
        "index": 2286,
        "subsequence": [
            14.0,
            66.0,
            85.0,
            100.0,
            94.0,
            109.0,
            112.0,
            120.0,
            123.0,
            138.0,
            144.0,
            165.0,
            184.0,
            217.0,
            247.0,
            298.0,
            348.0,
            415.0,
            473.0,
            519.0,
            552.0,
            587.0,
            556.0,
            492.0,
            403.0,
            330.0,
            259.0,
            219.0,
            185.0,
            173.0,
            160.0,
            164.0,
            161.0,
            166.0,
            164.0,
            171.0,
            164.0,
            174.0,
            174.0,
            181.0,
            177.0,
            183.0,
            179.0,
            174.0,
            170.0,
            173.0,
            163.0,
            177.0,
            175.0,
            175.0,
            170.0,
            172.0,
            172.0,
            170.0,
            176.0,
            178.0,
            183.0,
            185.0,
            180.0,
            198.0,
            223.0,
            247.0,
            249.0,
            303.0,
            285.0,
            297.0,
            256.0,
            213.0,
            181.0,
            169.0,
            165.0,
            156.0,
            181.0,
            408.0,
            946.0,
            1099.0,
            412.0,
            102.0,
            65.0,
            124.0,
            137.0,
            149.0,
            143.0,
            157.0,
            155.0,
            166.0,
            172.0,
            187.0,
            199.0,
            218.0,
            231.0,
            284.0,
            305.0,
            349.0,
            400.0,
            475.0,
            527.0,
            584.0,
            608.0,
            636.0,
            586.0,
            517.0,
            425.0,
            353.0,
            276.0,
            245.0,
            211.0,
            192.0,
            180.0,
            189.0,
            178.0,
            189.0,
            186.0,
            190.0,
            186.0,
            192.0,
            185.0,
            196.0,
            184.0,
            186.0,
            175.0,
            177.0,
            177.0,
            178.0,
            168.0,
            172.0,
            163.0,
            173.0,
            168.0,
            164.0,
            166.0,
            168.0,
            151.0,
            160.0,
            164.0,
            169.0,
            205.0,
            229.0,
            245.0,
            280.0,
            272.0,
            262.0,
            223.0,
            180.0,
            150.0,
            142.0,
            131.0,
            118.0,
            175.0,
            466.0
        ]
    },
    {
        "index": 1073,
        "subsequence": [
            -147.0,
            -150.0,
            -172.0,
            -158.0,
            -173.0,
            -172.0,
            -187.0,
            -181.0,
            -194.0,
            -197.0,
            -202.0,
            -202.0,
            -210.0,
            -175.0,
            -170.0,
            -149.0,
            -125.0,
            -126.0,
            -152.0,
            -183.0,
            -247.0,
            -265.0,
            -285.0,
            -300.0,
            -331.0,
            -254.0,
            -10.0,
            601.0,
            436.0,
            -207.0,
            -450.0,
            -448.0,
            -418.0,
            -401.0,
            -415.0,
            -411.0,
            -419.0,
            -418.0,
            -429.0,
            -418.0,
            -421.0,
            -408.0,
            -404.0,
            -370.0,
            -354.0,
            -317.0,
            -275.0,
            -209.0,
            -159.0,
            -104.0,
            -66.0,
            -36.0,
            -61.0,
            -134.0,
            -240.0,
            -309.0,
            -398.0,
            -451.0,
            -501.0,
            -510.0,
            -538.0,
            -538.0,
            -559.0,
            -550.0,
            -559.0,
            -556.0,
            -574.0,
            -560.0,
            -569.0,
            -571.0,
            -590.0,
            -575.0,
            -585.0,
            -585.0,
            -609.0,
            -612.0,
            -627.0,
            -622.0,
            -628.0,
            -638.0,
            -652.0,
            -649.0,
            -666.0,
            -661.0,
            -657.0,
            -626.0,
            -621.0,
            -589.0,
            -567.0,
            -577.0,
            -605.0,
            -620.0,
            -685.0,
            -708.0,
            -723.0,
            -720.0,
            -753.0,
            -741.0,
            -519.0,
            59.0,
            213.0,
            -497.0,
            -825.0,
            -860.0,
            -824.0,
            -795.0,
            -792.0,
            -787.0,
            -805.0,
            -792.0,
            -795.0,
            -781.0,
            -776.0,
            -758.0,
            -752.0,
            -724.0,
            -710.0,
            -670.0,
            -625.0,
            -570.0,
            -499.0,
            -439.0,
            -404.0,
            -363.0,
            -391.0,
            -434.0,
            -524.0,
            -613.0,
            -703.0,
            -756.0,
            -805.0,
            -824.0,
            -835.0,
            -841.0,
            -857.0,
            -844.0,
            -862.0,
            -863.0,
            -873.0,
            -874.0,
            -873.0,
            -869.0,
            -882.0,
            -882.0,
            -893.0,
            -894.0,
            -904.0,
            -902.0,
            -917.0,
            -917.0
        ]
    },
    {
        "index": 1449,
        "subsequence": [
            -488.0,
            -471.0,
            -444.0,
            -411.0,
            -389.0,
            -325.0,
            -336.0,
            -345.0,
            -381.0,
            -413.0,
            -441.0,
            -442.0,
            -443.0,
            -446.0,
            -448.0,
            -213.0,
            302.0,
            593.0,
            -130.0,
            -482.0,
            -551.0,
            -479.0,
            -448.0,
            -431.0,
            -430.0,
            -413.0,
            -408.0,
            -391.0,
            -375.0,
            -353.0,
            -342.0,
            -319.0,
            -292.0,
            -261.0,
            -232.0,
            -168.0,
            -112.0,
            -40.0,
            19.0,
            80.0,
            106.0,
            115.0,
            72.0,
            13.0,
            -81.0,
            -150.0,
            -210.0,
            -234.0,
            -266.0,
            -278.0,
            -286.0,
            -284.0,
            -288.0,
            -283.0,
            -286.0,
            -268.0,
            -274.0,
            -256.0,
            -265.0,
            -253.0,
            -262.0,
            -253.0,
            -249.0,
            -246.0,
            -256.0,
            -251.0,
            -248.0,
            -248.0,
            -249.0,
            -244.0,
            -248.0,
            -242.0,
            -245.0,
            -237.0,
            -236.0,
            -217.0,
            -182.0,
            -163.0,
            -136.0,
            -119.0,
            -114.0,
            -137.0,
            -180.0,
            -218.0,
            -246.0,
            -242.0,
            -253.0,
            -275.0,
            -162.0,
            172.0,
            830.0,
            386.0,
            -188.0,
            -356.0,
            -319.0,
            -276.0,
            -270.0,
            -263.0,
            -258.0,
            -245.0,
            -253.0,
            -230.0,
            -227.0,
            -205.0,
            -195.0,
            -169.0,
            -147.0,
            -108.0,
            -79.0,
            -20.0,
            55.0,
            123.0,
            175.0,
            224.0,
            246.0,
            233.0,
            162.0,
            89.0,
            -14.0,
            -71.0,
            -124.0,
            -148.0,
            -168.0,
            -167.0,
            -179.0,
            -170.0,
            -176.0,
            -165.0,
            -172.0,
            -161.0,
            -167.0,
            -155.0,
            -160.0,
            -151.0,
            -155.0,
            -149.0,
            -153.0,
            -152.0,
            -158.0,
            -152.0,
            -157.0,
            -152.0,
            -159.0,
            -152.0,
            -157.0,
            -147.0,
            -151.0,
            -142.0,
            -142.0,
            -125.0
        ]
    }
]