[
    {
        "index": 7410,
        "subsequence": [
            292.0,
            288.0,
            285.0,
            280.0,
            274.0,
            269.0,
            264.0,
            256.0,
            248.0,
            239.0,
            228.0,
            215.0,
            199.0,
            180.0,
            151.0,
            117.0,
            84.0,
            57.0,
            41.0,
            39.0,
            49.0,
            65.0,
            81.0,
            90.0,
            92.0,
            90.0,
            85.0,
            82.0,
            82.0,
            85.0,
            89.0,
            93.0,
            97.0,
            97.0,
            92.0,
            82.0,
            71.0,
            60.0,
            50.0,
            44.0,
            39.0,
            34.0,
            31.0,
            26.0,
            21.0,
            15.0,
            12.0,
            9.0,
            9.0,
            12.0,
            15.0,
            15.0,
            12.0,
            4.0,
            -6.0,
            -14.0,
            -19.0,
            -22.0,
            -25.0,
            -23.0,
            -25.0,
            -30.0,
            -36.0,
            -31.0,
            -12.0,
            9.0,
            20.0,
            25.0,
            36.0,
            52.0,
            69.0,
            92.0,
            120.0,
            149.0,
            175.0,
            194.0,
            212.0,
            226.0,
            242.0,
            255.0,
            268.0,
            279.0,
            287.0,
            292.0,
            293.0,
            292.0,
            287.0,
            284.0,
            279.0,
            274.0,
            233.0,
            223.0,
            242.0,
            279.0,
            321.0,
            353.0,
            365.0,
            360.0,
            341.0,
            314.0,
            294.0,
            279.0,
            272.0,
            267.0,
            260.0,
            247.0,
            225.0,
            188.0,
            139.0,
            92.0,
            70.0,
            90.0,
            127.0,
            144.0,
            132.0,
            117.0,
            117.0,
            117.0,
            105.0,
            78.0,
            51.0,
            31.0,
            26.0,
            33.0,
            48.0,
            60.0,
            63.0,
            56.0,
            43.0,
            33.0,
            26.0,
            24.0,
            24.0,
            24.0,
            26.0,
            24.0,
            21.0,
            14.0,
            6.0,
            1.0,
            -1.0,
            -3.0,
            -6.0,
            -8.0,
            -11.0,
            -13.0,
            -18.0,
            -23.0,
            -31.0,
            -35.0
        ]
    },
    {
        "index": 263,
        "subsequence": [
            41.0,
            36.0,
            31.0,
            28.0,
            25.0,
            20.0,
            15.0,
            10.0,
            7.0,
            5.0,
            5.0,
            5.0,
            5.0,
            2.0,
            -3.0,
            -6.0,
            -11.0,
            -12.0,
            -15.0,
            -19.0,
            -23.0,
            -31.0,
            -38.0,
            -43.0,
            -46.0,
            -46.0,
            -47.0,
            -47.0,
            -47.0,
            -51.0,
            -57.0,
            -59.0,
            -47.0,
            -30.0,
            -19.0,
            -14.0,
            -4.0,
            13.0,
            34.0,
            53.0,
            79.0,
            106.0,
            130.0,
            151.0,
            168.0,
            181.0,
            196.0,
            210.0,
            224.0,
            234.0,
            242.0,
            245.0,
            247.0,
            247.0,
            247.0,
            245.0,
            244.0,
            242.0,
            240.0,
            240.0,
            240.0,
            239.0,
            234.0,
            229.0,
            224.0,
            220.0,
            213.0,
            207.0,
            196.0,
            184.0,
            167.0,
            144.0,
            117.0,
            89.0,
            61.0,
            42.0,
            34.0,
            36.0,
            42.0,
            52.0,
            58.0,
            61.0,
            58.0,
            53.0,
            50.0,
            50.0,
            52.0,
            53.0,
            57.0,
            58.0,
            60.0,
            58.0,
            55.0,
            50.0,
            45.0,
            42.0,
            37.0,
            34.0,
            31.0,
            26.0,
            21.0,
            17.0,
            12.0,
            7.0,
            5.0,
            5.0,
            4.0,
            4.0,
            1.0,
            -1.0,
            -6.0,
            -9.0,
            -12.0,
            -14.0,
            -17.0,
            -23.0,
            -33.0,
            -39.0,
            -46.0,
            -51.0,
            -54.0,
            -59.0,
            -60.0,
            -60.0,
            -62.0,
            -62.0,
            -52.0,
            -35.0,
            -20.0,
            -14.0,
            -7.0,
            5.0,
            23.0,
            44.0,
            68.0,
            95.0,
            119.0,
            138.0,
            154.0,
            170.0,
            186.0,
            200.0,
            213.0,
            221.0,
            226.0,
            231.0,
            232.0,
            232.0,
            231.0,
            229.0
        ]
    },
    {
        "index": 195,
        "subsequence": [
            -59.0,
            -55.0,
            -52.0,
            -51.0,
            -51.0,
            -49.0,
            -43.0,
            -35.0,
            -33.0,
            -30.0,
            -15.0,
            5.0,
            29.0,
            57.0,
            89.0,
            119.0,
            146.0,
            167.0,
            184.0,
            199.0,
            216.0,
            231.0,
            242.0,
            248.0,
            250.0,
            250.0,
            250.0,
            248.0,
            247.0,
            247.0,
            245.0,
            242.0,
            240.0,
            240.0,
            242.0,
            240.0,
            237.0,
            234.0,
            231.0,
            228.0,
            221.0,
            212.0,
            197.0,
            180.0,
            160.0,
            140.0,
            112.0,
            82.0,
            52.0,
            29.0,
            20.0,
            21.0,
            31.0,
            45.0,
            58.0,
            63.0,
            61.0,
            57.0,
            52.0,
            50.0,
            50.0,
            52.0,
            53.0,
            57.0,
            58.0,
            57.0,
            52.0,
            47.0,
            41.0,
            36.0,
            31.0,
            28.0,
            25.0,
            20.0,
            15.0,
            10.0,
            7.0,
            5.0,
            5.0,
            5.0,
            5.0,
            2.0,
            -3.0,
            -6.0,
            -11.0,
            -12.0,
            -15.0,
            -19.0,
            -23.0,
            -31.0,
            -38.0,
            -43.0,
            -46.0,
            -46.0,
            -47.0,
            -47.0,
            -47.0,
            -51.0,
            -57.0,
            -59.0,
            -47.0,
            -30.0,
            -19.0,
            -14.0,
            -4.0,
            13.0,
            34.0,
            53.0,
            79.0,
            106.0,
            130.0,
            151.0,
            168.0,
            181.0,
            196.0,
            210.0,
            224.0,
            234.0,
            242.0,
            245.0,
            247.0,
            247.0,
            247.0,
            245.0,
            244.0,
            242.0,
            240.0,
            240.0,
            240.0,
            239.0,
            234.0,
            229.0,
            224.0,
            220.0,
            213.0,
            207.0,
            196.0,
            184.0,
            167.0,
            144.0,
            117.0,
            89.0,
            61.0,
            42.0,
            34.0,
            36.0,
            42.0,
            52.0,
            58.0,
            61.0
        ]
    },
    {
        "index": 3584,
        "subsequence": [
            49.0,
            42.0,
            37.0,
            34.0,
            31.0,
            29.0,
            28.0,
            26.0,
            25.0,
            23.0,
            20.0,
            17.0,
            13.0,
            9.0,
            2.0,
            -4.0,
            -11.0,
            -15.0,
            -17.0,
            -19.0,
            -22.0,
            -28.0,
            -36.0,
            -43.0,
            -46.0,
            -47.0,
            -46.0,
            -43.0,
            -39.0,
            -38.0,
            -39.0,
            -39.0,
            -33.0,
            -23.0,
            -20.0,
            -20.0,
            -11.0,
            9.0,
            31.0,
            57.0,
            87.0,
            117.0,
            143.0,
            164.0,
            183.0,
            199.0,
            215.0,
            229.0,
            244.0,
            253.0,
            260.0,
            264.0,
            269.0,
            271.0,
            271.0,
            269.0,
            268.0,
            266.0,
            263.0,
            260.0,
            256.0,
            252.0,
            245.0,
            239.0,
            232.0,
            228.0,
            220.0,
            212.0,
            202.0,
            189.0,
            175.0,
            156.0,
            127.0,
            92.0,
            60.0,
            39.0,
            31.0,
            31.0,
            41.0,
            53.0,
            66.0,
            73.0,
            76.0,
            73.0,
            66.0,
            60.0,
            55.0,
            55.0,
            58.0,
            66.0,
            71.0,
            74.0,
            74.0,
            69.0,
            63.0,
            57.0,
            50.0,
            45.0,
            39.0,
            34.0,
            31.0,
            26.0,
            23.0,
            18.0,
            13.0,
            12.0,
            9.0,
            7.0,
            5.0,
            2.0,
            -1.0,
            -4.0,
            -7.0,
            -9.0,
            -12.0,
            -19.0,
            -27.0,
            -35.0,
            -41.0,
            -44.0,
            -46.0,
            -44.0,
            -43.0,
            -44.0,
            -51.0,
            -54.0,
            -43.0,
            -25.0,
            -12.0,
            -6.0,
            1.0,
            18.0,
            39.0,
            63.0,
            89.0,
            116.0,
            141.0,
            160.0,
            175.0,
            186.0,
            199.0,
            213.0,
            226.0,
            236.0,
            242.0,
            248.0,
            252.0,
            250.0,
            247.0,
            242.0
        ]
    },
    {
        "index": 169,
        "subsequence": [
            23.0,
            20.0,
            17.0,
            13.0,
            12.0,
            9.0,
            5.0,
            5.0,
            5.0,
            7.0,
            5.0,
            4.0,
            -1.0,
            -7.0,
            -14.0,
            -20.0,
            -27.0,
            -30.0,
            -35.0,
            -38.0,
            -43.0,
            -47.0,
            -52.0,
            -55.0,
            -57.0,
            -59.0,
            -59.0,
            -55.0,
            -52.0,
            -51.0,
            -51.0,
            -49.0,
            -43.0,
            -35.0,
            -33.0,
            -30.0,
            -15.0,
            5.0,
            29.0,
            57.0,
            89.0,
            119.0,
            146.0,
            167.0,
            184.0,
            199.0,
            216.0,
            231.0,
            242.0,
            248.0,
            250.0,
            250.0,
            250.0,
            248.0,
            247.0,
            247.0,
            245.0,
            242.0,
            240.0,
            240.0,
            242.0,
            240.0,
            237.0,
            234.0,
            231.0,
            228.0,
            221.0,
            212.0,
            197.0,
            180.0,
            160.0,
            140.0,
            112.0,
            82.0,
            52.0,
            29.0,
            20.0,
            21.0,
            31.0,
            45.0,
            58.0,
            63.0,
            61.0,
            57.0,
            52.0,
            50.0,
            50.0,
            52.0,
            53.0,
            57.0,
            58.0,
            57.0,
            52.0,
            47.0,
            41.0,
            36.0,
            31.0,
            28.0,
            25.0,
            20.0,
            15.0,
            10.0,
            7.0,
            5.0,
            5.0,
            5.0,
            5.0,
            2.0,
            -3.0,
            -6.0,
            -11.0,
            -12.0,
            -15.0,
            -19.0,
            -23.0,
            -31.0,
            -38.0,
            -43.0,
            -46.0,
            -46.0,
            -47.0,
            -47.0,
            -47.0,
            -51.0,
            -57.0,
            -59.0,
            -47.0,
            -30.0,
            -19.0,
            -14.0,
            -4.0,
            13.0,
            34.0,
            53.0,
            79.0,
            106.0,
            130.0,
            151.0,
            168.0,
            181.0,
            196.0,
            210.0,
            224.0,
            234.0,
            242.0,
            245.0,
            247.0,
            247.0,
            247.0,
            245.0
        ]
    }
]