[
    {
        "index": 6410,
        "subsequence": [
            -26.0,
            -35.0,
            -42.0,
            -45.0,
            -55.0,
            -57.0,
            -57.0,
            -51.0,
            -39.0,
            -29.0,
            -21.0,
            -16.0,
            -13.0,
            -7.0,
            0.0,
            2.0,
            11.0,
            22.0,
            34.0,
            39.0,
            43.0,
            50.0,
            44.0,
            38.0,
            36.0,
            34.0,
            30.0,
            23.0,
            28.0,
            35.0,
            38.0,
            37.0,
            35.0,
            26.0,
            17.0,
            13.0,
            0.0,
            -6.0,
            -9.0,
            -11.0,
            -14.0,
            -19.0,
            -18.0,
            -17.0,
            -15.0,
            -12.0,
            -10.0,
            -8.0,
            -9.0,
            -13.0,
            -20.0,
            -27.0,
            -29.0,
            -26.0,
            -22.0,
            -22.0,
            -17.0,
            -9.0,
            -7.0,
            -2.0,
            0.0,
            -6.0,
            -17.0,
            -25.0,
            -25.0,
            -27.0,
            -25.0,
            -24.0,
            -26.0,
            -19.0,
            -11.0,
            0.0,
            4.0,
            2.0,
            0.0,
            -1.0,
            0.0,
            1.0,
            4.0,
            5.0,
            4.0,
            7.0,
            11.0,
            12.0,
            17.0,
            16.0,
            17.0,
            19.0,
            15.0,
            16.0,
            14.0,
            10.0,
            8.0,
            5.0,
            0.0,
            -9.0,
            -11.0,
            -9.0,
            -7.0,
            -5.0,
            -1.0,
            2.0,
            9.0,
            13.0,
            20.0,
            23.0,
            24.0,
            23.0,
            19.0,
            18.0,
            14.0,
            16.0,
            21.0,
            27.0,
            28.0,
            27.0,
            32.0,
            33.0,
            27.0,
            10.0,
            2.0,
            -3.0,
            3.0,
            11.0,
            16.0,
            21.0,
            16.0,
            9.0,
            -1.0,
            -14.0,
            -27.0,
            -43.0,
            -49.0,
            -46.0,
            -38.0,
            -29.0,
            -16.0,
            -4.0,
            0.0,
            -4.0,
            -13.0,
            -22.0,
            -31.0,
            -34.0,
            -36.0,
            -32.0,
            -27.0,
            -11.0,
            10.0,
            20.0
        ]
    },
    {
        "index": 6912,
        "subsequence": [
            20.0,
            23.0,
            28.0,
            30.0,
            28.0,
            25.0,
            22.0,
            14.0,
            6.0,
            1.0,
            0.0,
            0.0,
            -3.0,
            -4.0,
            -3.0,
            -11.0,
            -14.0,
            -15.0,
            -15.0,
            -17.0,
            -26.0,
            -33.0,
            -33.0,
            -35.0,
            -38.0,
            -35.0,
            -28.0,
            -21.0,
            -19.0,
            -19.0,
            -15.0,
            -14.0,
            -8.0,
            -3.0,
            0.0,
            4.0,
            3.0,
            0.0,
            -7.0,
            -16.0,
            -20.0,
            -21.0,
            -20.0,
            -15.0,
            -9.0,
            -2.0,
            5.0,
            12.0,
            18.0,
            24.0,
            20.0,
            18.0,
            16.0,
            14.0,
            16.0,
            14.0,
            16.0,
            15.0,
            12.0,
            12.0,
            12.0,
            13.0,
            14.0,
            10.0,
            6.0,
            6.0,
            7.0,
            7.0,
            8.0,
            14.0,
            20.0,
            17.0,
            16.0,
            13.0,
            12.0,
            10.0,
            10.0,
            12.0,
            12.0,
            9.0,
            6.0,
            5.0,
            2.0,
            1.0,
            0.0,
            -2.0,
            -2.0,
            -3.0,
            -4.0,
            -1.0,
            0.0,
            -1.0,
            -4.0,
            -9.0,
            -12.0,
            -18.0,
            -22.0,
            -23.0,
            -31.0,
            -30.0,
            -28.0,
            -19.0,
            -7.0,
            0.0,
            7.0,
            14.0,
            13.0,
            9.0,
            1.0,
            -8.0,
            -16.0,
            -22.0,
            -20.0,
            -13.0,
            -8.0,
            -2.0,
            -1.0,
            -1.0,
            0.0,
            -2.0,
            -5.0,
            -8.0,
            -8.0,
            -8.0,
            -9.0,
            -15.0,
            -15.0,
            -10.0,
            -1.0,
            5.0,
            9.0,
            15.0,
            17.0,
            14.0,
            11.0,
            7.0,
            0.0,
            2.0,
            7.0,
            14.0,
            21.0,
            26.0,
            34.0,
            32.0,
            32.0,
            30.0,
            25.0,
            18.0,
            4.0,
            -5.0
        ]
    },
    {
        "index": 6409,
        "subsequence": [
            -24.0,
            -26.0,
            -35.0,
            -42.0,
            -45.0,
            -55.0,
            -57.0,
            -57.0,
            -51.0,
            -39.0,
            -29.0,
            -21.0,
            -16.0,
            -13.0,
            -7.0,
            0.0,
            2.0,
            11.0,
            22.0,
            34.0,
            39.0,
            43.0,
            50.0,
            44.0,
            38.0,
            36.0,
            34.0,
            30.0,
            23.0,
            28.0,
            35.0,
            38.0,
            37.0,
            35.0,
            26.0,
            17.0,
            13.0,
            0.0,
            -6.0,
            -9.0,
            -11.0,
            -14.0,
            -19.0,
            -18.0,
            -17.0,
            -15.0,
            -12.0,
            -10.0,
            -8.0,
            -9.0,
            -13.0,
            -20.0,
            -27.0,
            -29.0,
            -26.0,
            -22.0,
            -22.0,
            -17.0,
            -9.0,
            -7.0,
            -2.0,
            0.0,
            -6.0,
            -17.0,
            -25.0,
            -25.0,
            -27.0,
            -25.0,
            -24.0,
            -26.0,
            -19.0,
            -11.0,
            0.0,
            4.0,
            2.0,
            0.0,
            -1.0,
            0.0,
            1.0,
            4.0,
            5.0,
            4.0,
            7.0,
            11.0,
            12.0,
            17.0,
            16.0,
            17.0,
            19.0,
            15.0,
            16.0,
            14.0,
            10.0,
            8.0,
            5.0,
            0.0,
            -9.0,
            -11.0,
            -9.0,
            -7.0,
            -5.0,
            -1.0,
            2.0,
            9.0,
            13.0,
            20.0,
            23.0,
            24.0,
            23.0,
            19.0,
            18.0,
            14.0,
            16.0,
            21.0,
            27.0,
            28.0,
            27.0,
            32.0,
            33.0,
            27.0,
            10.0,
            2.0,
            -3.0,
            3.0,
            11.0,
            16.0,
            21.0,
            16.0,
            9.0,
            -1.0,
            -14.0,
            -27.0,
            -43.0,
            -49.0,
            -46.0,
            -38.0,
            -29.0,
            -16.0,
            -4.0,
            0.0,
            -4.0,
            -13.0,
            -22.0,
            -31.0,
            -34.0,
            -36.0,
            -32.0,
            -27.0,
            -11.0,
            10.0
        ]
    },
    {
        "index": 6411,
        "subsequence": [
            -35.0,
            -42.0,
            -45.0,
            -55.0,
            -57.0,
            -57.0,
            -51.0,
            -39.0,
            -29.0,
            -21.0,
            -16.0,
            -13.0,
            -7.0,
            0.0,
            2.0,
            11.0,
            22.0,
            34.0,
            39.0,
            43.0,
            50.0,
            44.0,
            38.0,
            36.0,
            34.0,
            30.0,
            23.0,
            28.0,
            35.0,
            38.0,
            37.0,
            35.0,
            26.0,
            17.0,
            13.0,
            0.0,
            -6.0,
            -9.0,
            -11.0,
            -14.0,
            -19.0,
            -18.0,
            -17.0,
            -15.0,
            -12.0,
            -10.0,
            -8.0,
            -9.0,
            -13.0,
            -20.0,
            -27.0,
            -29.0,
            -26.0,
            -22.0,
            -22.0,
            -17.0,
            -9.0,
            -7.0,
            -2.0,
            0.0,
            -6.0,
            -17.0,
            -25.0,
            -25.0,
            -27.0,
            -25.0,
            -24.0,
            -26.0,
            -19.0,
            -11.0,
            0.0,
            4.0,
            2.0,
            0.0,
            -1.0,
            0.0,
            1.0,
            4.0,
            5.0,
            4.0,
            7.0,
            11.0,
            12.0,
            17.0,
            16.0,
            17.0,
            19.0,
            15.0,
            16.0,
            14.0,
            10.0,
            8.0,
            5.0,
            0.0,
            -9.0,
            -11.0,
            -9.0,
            -7.0,
            -5.0,
            -1.0,
            2.0,
            9.0,
            13.0,
            20.0,
            23.0,
            24.0,
            23.0,
            19.0,
            18.0,
            14.0,
            16.0,
            21.0,
            27.0,
            28.0,
            27.0,
            32.0,
            33.0,
            27.0,
            10.0,
            2.0,
            -3.0,
            3.0,
            11.0,
            16.0,
            21.0,
            16.0,
            9.0,
            -1.0,
            -14.0,
            -27.0,
            -43.0,
            -49.0,
            -46.0,
            -38.0,
            -29.0,
            -16.0,
            -4.0,
            0.0,
            -4.0,
            -13.0,
            -22.0,
            -31.0,
            -34.0,
            -36.0,
            -32.0,
            -27.0,
            -11.0,
            10.0,
            20.0,
            26.0
        ]
    },
    {
        "index": 6911,
        "subsequence": [
            16.0,
            20.0,
            23.0,
            28.0,
            30.0,
            28.0,
            25.0,
            22.0,
            14.0,
            6.0,
            1.0,
            0.0,
            0.0,
            -3.0,
            -4.0,
            -3.0,
            -11.0,
            -14.0,
            -15.0,
            -15.0,
            -17.0,
            -26.0,
            -33.0,
            -33.0,
            -35.0,
            -38.0,
            -35.0,
            -28.0,
            -21.0,
            -19.0,
            -19.0,
            -15.0,
            -14.0,
            -8.0,
            -3.0,
            0.0,
            4.0,
            3.0,
            0.0,
            -7.0,
            -16.0,
            -20.0,
            -21.0,
            -20.0,
            -15.0,
            -9.0,
            -2.0,
            5.0,
            12.0,
            18.0,
            24.0,
            20.0,
            18.0,
            16.0,
            14.0,
            16.0,
            14.0,
            16.0,
            15.0,
            12.0,
            12.0,
            12.0,
            13.0,
            14.0,
            10.0,
            6.0,
            6.0,
            7.0,
            7.0,
            8.0,
            14.0,
            20.0,
            17.0,
            16.0,
            13.0,
            12.0,
            10.0,
            10.0,
            12.0,
            12.0,
            9.0,
            6.0,
            5.0,
            2.0,
            1.0,
            0.0,
            -2.0,
            -2.0,
            -3.0,
            -4.0,
            -1.0,
            0.0,
            -1.0,
            -4.0,
            -9.0,
            -12.0,
            -18.0,
            -22.0,
            -23.0,
            -31.0,
            -30.0,
            -28.0,
            -19.0,
            -7.0,
            0.0,
            7.0,
            14.0,
            13.0,
            9.0,
            1.0,
            -8.0,
            -16.0,
            -22.0,
            -20.0,
            -13.0,
            -8.0,
            -2.0,
            -1.0,
            -1.0,
            0.0,
            -2.0,
            -5.0,
            -8.0,
            -8.0,
            -8.0,
            -9.0,
            -15.0,
            -15.0,
            -10.0,
            -1.0,
            5.0,
            9.0,
            15.0,
            17.0,
            14.0,
            11.0,
            7.0,
            0.0,
            2.0,
            7.0,
            14.0,
            21.0,
            26.0,
            34.0,
            32.0,
            32.0,
            30.0,
            25.0,
            18.0,
            4.0
        ]
    }
]