[
    {
        "index": 73,
        "subsequence": [
            204.0,
            161.0,
            149.0,
            150.0,
            138.0,
            113.0,
            281.0,
            687.0,
            1266.0,
            593.0,
            136.0,
            8.0,
            57.0,
            88.0,
            97.0,
            102.0,
            100.0,
            101.0,
            117.0,
            119.0,
            134.0,
            140.0,
            156.0,
            169.0,
            203.0,
            231.0,
            282.0,
            335.0,
            399.0,
            451.0,
            512.0,
            541.0,
            550.0,
            500.0,
            433.0,
            351.0,
            276.0,
            210.0,
            176.0,
            141.0,
            134.0,
            119.0,
            121.0,
            120.0,
            114.0,
            116.0,
            126.0,
            118.0,
            118.0,
            119.0,
            116.0,
            112.0,
            115.0,
            115.0,
            115.0,
            109.0,
            109.0,
            101.0,
            104.0,
            101.0,
            111.0,
            96.0,
            100.0,
            104.0,
            104.0,
            110.0,
            154.0,
            162.0,
            199.0,
            225.0,
            232.0,
            200.0,
            167.0,
            121.0,
            98.0,
            86.0,
            81.0,
            53.0,
            123.0,
            376.0,
            1006.0,
            909.0,
            255.0,
            -13.0,
            -17.0,
            30.0,
            46.0,
            46.0,
            49.0,
            58.0,
            64.0,
            68.0,
            76.0,
            80.0,
            95.0,
            114.0,
            136.0,
            154.0,
            193.0,
            238.0,
            301.0,
            361.0,
            414.0,
            459.0,
            483.0,
            465.0,
            408.0,
            323.0,
            242.0,
            165.0,
            114.0,
            75.0,
            54.0,
            47.0,
            47.0,
            40.0,
            43.0,
            40.0,
            35.0,
            36.0,
            39.0,
            39.0,
            54.0,
            44.0,
            34.0,
            26.0,
            32.0,
            24.0,
            24.0,
            21.0,
            30.0,
            50.0,
            44.0,
            17.0,
            20.0,
            14.0,
            18.0,
            18.0,
            25.0,
            47.0,
            69.0,
            84.0,
            128.0,
            123.0,
            125.0,
            83.0,
            41.0,
            3.0,
            -6.0,
            -13.0
        ]
    },
    {
        "index": 5600,
        "subsequence": [
            11.0,
            24.0,
            32.0,
            56.0,
            74.0,
            109.0,
            142.0,
            195.0,
            247.0,
            316.0,
            368.0,
            419.0,
            442.0,
            455.0,
            416.0,
            345.0,
            254.0,
            176.0,
            113.0,
            78.0,
            53.0,
            46.0,
            35.0,
            41.0,
            39.0,
            44.0,
            40.0,
            45.0,
            41.0,
            53.0,
            51.0,
            50.0,
            47.0,
            47.0,
            42.0,
            39.0,
            33.0,
            38.0,
            29.0,
            35.0,
            34.0,
            38.0,
            33.0,
            40.0,
            31.0,
            38.0,
            37.0,
            67.0,
            95.0,
            117.0,
            161.0,
            172.0,
            165.0,
            138.0,
            80.0,
            49.0,
            22.0,
            27.0,
            26.0,
            11.0,
            169.0,
            569.0,
            1189.0,
            543.0,
            36.0,
            -73.0,
            -25.0,
            2.0,
            7.0,
            10.0,
            7.0,
            11.0,
            11.0,
            29.0,
            39.0,
            55.0,
            65.0,
            89.0,
            110.0,
            147.0,
            187.0,
            254.0,
            307.0,
            373.0,
            422.0,
            467.0,
            483.0,
            459.0,
            381.0,
            303.0,
            212.0,
            156.0,
            106.0,
            82.0,
            57.0,
            56.0,
            56.0,
            50.0,
            45.0,
            50.0,
            37.0,
            44.0,
            46.0,
            49.0,
            45.0,
            51.0,
            44.0,
            47.0,
            34.0,
            30.0,
            29.0,
            23.0,
            21.0,
            34.0,
            20.0,
            22.0,
            14.0,
            27.0,
            30.0,
            60.0,
            81.0,
            106.0,
            141.0,
            148.0,
            146.0,
            120.0,
            64.0,
            37.0,
            11.0,
            10.0,
            0.0,
            -9.0,
            152.0,
            580.0,
            1156.0,
            496.0,
            6.0,
            -89.0,
            -51.0,
            -15.0,
            -11.0,
            3.0,
            -2.0,
            12.0,
            9.0,
            18.0,
            36.0,
            53.0,
            67.0,
            97.0
        ]
    },
    {
        "index": 1718,
        "subsequence": [
            -5.0,
            -22.0,
            -24.0,
            -26.0,
            -14.0,
            -17.0,
            -9.0,
            -15.0,
            -9.0,
            -9.0,
            -1.0,
            1.0,
            -2.0,
            2.0,
            3.0,
            -7.0,
            -11.0,
            -4.0,
            -5.0,
            -19.0,
            -14.0,
            1.0,
            2.0,
            2.0,
            -1.0,
            3.0,
            20.0,
            46.0,
            60.0,
            92.0,
            124.0,
            117.0,
            101.0,
            54.0,
            9.0,
            -7.0,
            -11.0,
            -28.0,
            -57.0,
            53.0,
            378.0,
            1040.0,
            639.0,
            56.0,
            -138.0,
            -120.0,
            -74.0,
            -71.0,
            -60.0,
            -58.0,
            -56.0,
            -49.0,
            -34.0,
            -26.0,
            -13.0,
            0.0,
            20.0,
            38.0,
            79.0,
            105.0,
            161.0,
            228.0,
            295.0,
            343.0,
            388.0,
            411.0,
            396.0,
            328.0,
            250.0,
            162.0,
            99.0,
            46.0,
            14.0,
            -11.0,
            -13.0,
            -18.0,
            -17.0,
            -18.0,
            -6.0,
            -9.0,
            -13.0,
            -11.0,
            -4.0,
            -6.0,
            0.0,
            -5.0,
            -3.0,
            -9.0,
            -2.0,
            -7.0,
            -14.0,
            -14.0,
            -12.0,
            -15.0,
            -9.0,
            -12.0,
            -9.0,
            -5.0,
            2.0,
            35.0,
            67.0,
            73.0,
            122.0,
            103.0,
            115.0,
            83.0,
            41.0,
            3.0,
            -2.0,
            -9.0,
            -15.0,
            -10.0,
            201.0,
            709.0,
            1032.0,
            305.0,
            -53.0,
            -101.0,
            -46.0,
            -25.0,
            -24.0,
            -21.0,
            -9.0,
            -4.0,
            10.0,
            19.0,
            30.0,
            38.0,
            63.0,
            81.0,
            112.0,
            144.0,
            191.0,
            246.0,
            315.0,
            368.0,
            421.0,
            451.0,
            453.0,
            402.0,
            324.0,
            237.0,
            167.0,
            105.0,
            69.0,
            43.0,
            30.0,
            13.0,
            15.0,
            20.0
        ]
    },
    {
        "index": 490,
        "subsequence": [
            -12.0,
            -19.0,
            -19.0,
            -24.0,
            -28.0,
            -30.0,
            -22.0,
            -27.0,
            -21.0,
            -23.0,
            -19.0,
            -14.0,
            -26.0,
            -21.0,
            -13.0,
            -12.0,
            -2.0,
            38.0,
            57.0,
            81.0,
            118.0,
            114.0,
            88.0,
            47.0,
            7.0,
            -18.0,
            -17.0,
            -16.0,
            -34.0,
            51.0,
            316.0,
            937.0,
            740.0,
            108.0,
            -117.0,
            -104.0,
            -61.0,
            -47.0,
            -43.0,
            -45.0,
            -36.0,
            -26.0,
            -20.0,
            -16.0,
            -4.0,
            11.0,
            32.0,
            52.0,
            89.0,
            129.0,
            186.0,
            244.0,
            307.0,
            365.0,
            412.0,
            433.0,
            420.0,
            355.0,
            292.0,
            204.0,
            128.0,
            79.0,
            44.0,
            10.0,
            3.0,
            2.0,
            3.0,
            1.0,
            3.0,
            7.0,
            13.0,
            1.0,
            10.0,
            9.0,
            17.0,
            10.0,
            12.0,
            1.0,
            9.0,
            -2.0,
            -9.0,
            -10.0,
            2.0,
            -8.0,
            -6.0,
            -4.0,
            -10.0,
            -11.0,
            8.0,
            14.0,
            53.0,
            66.0,
            104.0,
            119.0,
            144.0,
            97.0,
            66.0,
            16.0,
            1.0,
            1.0,
            4.0,
            -29.0,
            96.0,
            412.0,
            1066.0,
            623.0,
            82.0,
            -101.0,
            -76.0,
            -39.0,
            -10.0,
            -11.0,
            -5.0,
            -6.0,
            -1.0,
            6.0,
            23.0,
            30.0,
            43.0,
            57.0,
            92.0,
            123.0,
            168.0,
            221.0,
            288.0,
            348.0,
            404.0,
            437.0,
            465.0,
            447.0,
            390.0,
            301.0,
            219.0,
            140.0,
            93.0,
            56.0,
            37.0,
            19.0,
            23.0,
            15.0,
            15.0,
            11.0,
            15.0,
            8.0,
            3.0,
            6.0,
            15.0,
            -1.0,
            2.0,
            -7.0
        ]
    },
    {
        "index": 5368,
        "subsequence": [
            115.0,
            109.0,
            85.0,
            148.0,
            387.0,
            978.0,
            966.0,
            326.0,
            44.0,
            20.0,
            70.0,
            95.0,
            93.0,
            105.0,
            111.0,
            116.0,
            123.0,
            147.0,
            153.0,
            167.0,
            183.0,
            208.0,
            225.0,
            268.0,
            303.0,
            361.0,
            434.0,
            488.0,
            530.0,
            567.0,
            572.0,
            532.0,
            451.0,
            362.0,
            314.0,
            227.0,
            184.0,
            165.0,
            147.0,
            131.0,
            125.0,
            133.0,
            142.0,
            124.0,
            129.0,
            135.0,
            137.0,
            141.0,
            129.0,
            134.0,
            127.0,
            129.0,
            123.0,
            113.0,
            115.0,
            121.0,
            116.0,
            118.0,
            111.0,
            118.0,
            110.0,
            105.0,
            121.0,
            132.0,
            170.0,
            199.0,
            229.0,
            229.0,
            222.0,
            189.0,
            135.0,
            105.0,
            92.0,
            88.0,
            85.0,
            56.0,
            221.0,
            655.0,
            1241.0,
            570.0,
            91.0,
            -28.0,
            6.0,
            51.0,
            54.0,
            60.0,
            62.0,
            62.0,
            67.0,
            85.0,
            102.0,
            116.0,
            124.0,
            146.0,
            178.0,
            205.0,
            241.0,
            305.0,
            369.0,
            439.0,
            480.0,
            530.0,
            535.0,
            509.0,
            450.0,
            360.0,
            282.0,
            215.0,
            166.0,
            141.0,
            116.0,
            118.0,
            100.0,
            113.0,
            111.0,
            118.0,
            109.0,
            109.0,
            107.0,
            112.0,
            109.0,
            108.0,
            101.0,
            109.0,
            103.0,
            97.0,
            91.0,
            99.0,
            88.0,
            97.0,
            92.0,
            88.0,
            84.0,
            108.0,
            135.0,
            157.0,
            193.0,
            222.0,
            219.0,
            217.0,
            161.0,
            118.0,
            95.0,
            79.0,
            68.0,
            53.0,
            73.0,
            303.0,
            875.0,
            1093.0
        ]
    }
]